Year,ONI_CrossYear_annual_control,ONI_local_annual_control,SST_anomaly_annual_control,SeaIce_annual_control,AOD_annual_control,Snow_annual_control,Phase,CO2_Global_ppm_annual_control,CO2_RF_annual_control,CO2_RF_ref2000_annual_control,CO2_RF_ref278ppm_annual_control,CO2_CT2025_PBL_ppm_annual_control,CO2_RF_CT2025_annual_control,ONI_annual_control,ONI_Lag1_annual_control,AOD_annual_control_from_spatial,Snow_annual_control_from_spatial,SST_annual_control_from_spatial,SST_landfill_annual_control_from_spatial,SST_OceanRaw_annual_control_from_spatial,SST_landfill_method
2001,-0.4058333333333333,-0.3083333333333334,0.0092272835477155,0.731923403644604,0.1649913161537083,0.2985846068022676,P1,370.56,-0.1325139404291741,0.0230051873684861,1.537559297708572,374.0015974862956,-0.1296620371626949,-0.3083333333333333,-0.8358333333333333,0.1905500825686317,0.1470991148175338,-0.03936118260025978,-0.03936118260025978,0.04782351478934288,nearest_valid_ocean_to_land_mask
2002,0.2466666666666666,0.6308333333333332,0.0275208886710766,0.7357819828878563,0.173430751513351,0.2885209891803784,P1,372.58,-0.1034291741232954,0.0520899536743643,1.566644064014451,375.68442154684345,-0.1055970177395667,0.6308333333333334,-0.3083333333333333,0.2080965034353253,0.141604805443131,-0.031816266477108,-0.031816266477108,0.05545191466808319,nearest_valid_ocean_to_land_mask
2003,0.4733333333333333,0.2508333333333333,0.0844258534563251,0.7333405300177942,0.1762882615066444,0.2892848234768209,P1,375.15,-0.0666523853268577,0.0888667424708018,1.603420852810888,379.4329403035504,-0.052935283057399,0.2508333333333333,0.6308333333333334,0.2084298177319569,0.1414558622434884,-0.03480614349246025,-0.03480614349246025,0.03723813220858574,nearest_valid_ocean_to_land_mask
2004,0.3608333333333333,0.4466666666666666,0.0381906832900215,0.7469482116467828,0.1712304652766192,0.2946768690732353,P1,376.95,-0.0410440396639015,0.1144750881337579,1.6290291984738443,379.8159532904553,-0.0470994705798935,0.4466666666666667,0.2508333333333333,0.1993772164373192,0.1449330126653062,-0.06885269284248352,-0.06885269284248352,-0.01245129108428955,nearest_valid_ocean_to_land_mask
2005,0.3508333333333334,0.0408333333333333,0.1238990026208135,0.7767993822622504,0.1732822308949823,0.2905689198705076,P1,378.97,-0.0124509988026969,0.1430681289949631,1.6576222393350488,381.4236733723913,-0.0244352563332331,0.0408333333333333,0.4466666666666667,0.1959854599640473,0.1431258114135702,0.10591663420200348,0.10591663420200348,0.20543977618217468,nearest_valid_ocean_to_land_mask
2006,-0.2908333333333333,0.0716666666666666,0.0953337936215784,0.7910625829299942,0.1743194068874692,0.2887770740015336,P1,381.15,0.0182363452407577,0.1737554730384178,1.6883095833785042,385.2910573017232,0.0291864317884361,0.0716666666666666,0.0408333333333333,0.2021553827230449,0.1427813812757563,0.09193472564220428,0.09193472564220428,0.15247800946235657,nearest_valid_ocean_to_land_mask
2007,-0.0166666666666666,-0.6075,0.0665616802517959,0.8201751632846712,0.1789722709022256,0.2881573594767857,P1,382.9,0.0427439465027262,0.1982630743003865,1.7128171846404727,386.0039879153184,0.0394187576148088,-0.6075,0.0716666666666666,0.2025307943235741,0.1415586264767443,0.10289036482572556,0.10289036482572556,0.11913523077964783,nearest_valid_ocean_to_land_mask
2008,-1.0158333333333334,-0.7816666666666667,0.032065958414297,0.8181214859115924,0.1797160076392841,0.2912689179485327,P1,385.02,0.0722835569164076,0.2278026847140678,1.742356795054154,387.8895681868828,0.0654313594276236,-0.7816666666666666,-0.6075,0.2034856055946744,0.1431143714757592,-0.0020930541213601828,-0.0020930541213601828,0.019827144220471382,nearest_valid_ocean_to_land_mask
2009,-0.1816666666666666,0.2816666666666667,0.0958722944779601,0.8077886708428477,0.1809062948799782,0.2914369846013576,P1,386.5,0.0928092975643451,0.2483284253620049,1.7628825357020916,389.7903034447905,0.0914178846245557,0.2816666666666667,-0.7816666666666666,0.203645849961096,0.1446057383290079,0.08893377333879471,0.08893377333879471,0.05849144607782364,nearest_valid_ocean_to_land_mask
2010,0.2541666666666666,-0.475,0.1124809419069513,0.8135203919154427,0.1790045476625902,0.2881549896980302,P1,388.75,0.1238638833072706,0.2793830111049306,1.7939371214450166,392.1786768501005,0.1242055467390425,-0.475,0.2816666666666667,0.2050507037009585,0.1419717559525772,0.21742846071720123,0.21742846071720123,0.2810005247592926,nearest_valid_ocean_to_land_mask
2011,-0.935,-0.775,0.0411227586432547,0.8056413349279552,0.186401534685692,0.2927684409278701,P1,390.62,0.1495372328041321,0.3050563606017921,1.8196104709418783,394.61098952068727,0.1573132907482057,-0.775,-0.475,0.2107566977258899,0.1455800604210352,0.036855995655059814,0.036855995655059814,0.055888980627059937,nearest_valid_ocean_to_land_mask
2012,-0.3333333333333333,-0.0633333333333333,0.0994128992989561,0.7841947452096115,0.1850251358086077,0.2897769950561272,P1,392.65,0.1772684731590721,0.332787600956732,1.847341711296819,396.5916820267891,0.1840591944352594,-0.0633333333333333,-0.775,0.2151671217773263,0.1434513440099999,0.11749754846096039,0.11749754846096039,0.22189219295978546,nearest_valid_ocean_to_land_mask
2013,-0.1741666666666667,-0.2341666666666666,0.1194430626715086,0.7779300167342736,0.1755318642052234,0.2909474190351145,P1,395.4,0.2146076260577083,0.3701267538553683,1.8846808641954549,399.3624266452306,0.2212168297467757,-0.2341666666666666,-0.0633333333333333,0.1993729422303425,0.1439580730015261,0.04207077994942665,0.04207077994942665,0.17375986278057098,nearest_valid_ocean_to_land_mask
2014,0.0049999999999999,0.205,0.1974801216920959,0.7796366819430268,0.1772377568410145,0.2906667357269066,P1,397.34,0.2407928083859035,0.3963119361835632,1.91086604652365,401.5604479360324,0.2506282422693017,0.205,-0.2341666666666666,0.1968676588666543,0.141814185931029,0.1573508232831955,0.1573508232831955,0.1884690821170807,nearest_valid_ocean_to_land_mask
2015,1.0616666666666663,1.5483333333333331,0.2667324463890798,0.7644283542596294,0.188682677587692,0.2873135860408918,P2,399.65,0.2718058314026954,0.4273249592003547,1.941879069540441,403.55045892000464,0.2771140971870362,1.5483333333333331,0.205,0.2144160088277091,0.1410844946428906,0.3156070411205292,0.3156070411205292,0.31040871143341064,nearest_valid_ocean_to_land_mask
2016,1.2191666666666665,0.4233333333333333,0.3007218435005803,0.7413002467405597,0.1760034595200233,0.2832381226460132,P2,403.09,0.3176590657206716,0.4731781935183317,1.9877323038584176,406.57349215707575,0.3170573874195881,0.4233333333333333,1.5483333333333331,0.1929965158744439,0.1368628598090593,0.46261003613471985,0.46261003613471985,0.535311758518219,nearest_valid_ocean_to_land_mask
2017,-0.0699999999999999,-0.115,0.2672640502035017,0.7552700697151118,0.1718957531152861,0.289131244606805,P2,405.22,0.3458549964316731,0.5013741242293336,2.01592823456942,408.919633099055,0.3478414832680954,-0.1149999999999999,0.4233333333333333,0.1884369817643324,0.1413576904952433,0.31027328968048096,0.31027328968048096,0.32095757126808167,nearest_valid_ocean_to_land_mask
2018,-0.3166666666666666,0.0941666666666666,0.2186588716109743,0.7875697443753277,0.1760146385374163,0.2893475898230359,P2,407.61,0.377316770355575,0.5328358981532348,2.0473900084933208,410.22952570304943,0.3646686336573481,0.0941666666666666,-0.1149999999999999,0.1880203893679954,0.1424435913284698,0.2102501541376114,0.2102501541376114,0.1938185840845108,nearest_valid_ocean_to_land_mask
2019,0.6641666666666668,0.5758333333333334,0.2841541783777193,0.7973453703927065,0.1832667282103872,0.2850852024625683,P2,410.07,0.4095079446721367,0.5650270724697968,2.079581182809884,413.56646912323833,0.4082209058132119,0.5750000000000001,0.0941666666666666,0.1984981174657464,0.1402007161118847,0.26346737146377563,0.26346737146377563,0.22730176150798798,nearest_valid_ocean_to_land_mask
2020,0.1483333333333334,-0.2716666666666666,0.3175760866406671,0.794304256159905,0.1822085873731576,0.2813840150331198,P3,412.44,0.4403392660934691,0.5958583938911293,2.110412504231216,415.8191545126908,0.4373485509101256,-0.2716666666666666,0.5750000000000001,0.1899155327592454,0.1361823344264509,0.4117567241191864,0.4117567241191864,0.4382558763027191,nearest_valid_ocean_to_land_mask
2021,-0.7066666666666667,-0.635,0.2553799747204827,0.792551591102867,0.1780816408431069,0.2895867563134244,P3,414.7,0.4695750184173404,0.625094146215001,2.139648256555087,418.79807896142927,0.4754413895224612,-0.635,-0.2716666666666666,0.1997089816731254,0.1385903144750662,0.34069690108299255,0.34069690108299255,0.4198472499847412,nearest_valid_ocean_to_land_mask
2022,-0.8533333333333334,-0.85,0.2946880558668789,0.7937793886053016,0.1778138078828409,0.2874430834768713,P3,417.08,0.5001913706967942,0.6557104984944541,2.17026460883454,420.66844983389257,0.4993764910443916,-0.85,-0.635,0.1851962497969741,0.1414489631286992,0.3291417062282562,0.3291417062282562,0.35938918590545654,nearest_valid_ocean_to_land_mask
2023,0.2016666666666667,0.9,0.4635306300891829,0.7670078306646758,0.184125083598468,0.2799542679300727,P3,419.36,0.5293579103441102,0.6848770381417699,2.1994311484818567,422.2096725202864,0.5189337160311065,0.9,-0.85,0.1991582191888874,0.137401368347749,0.6599317789077759,0.6599317789077759,0.546138346195221,nearest_valid_ocean_to_land_mask
2024,1.0041666666666669,0.4366666666666667,0.4924514335415521,0.7837672546126897,0.1792701663563696,0.2770652466375057,P3,422.79,0.572938273630028,0.7284574014276883,2.243011511767774,427.9005260602236,0.5902801812221269,0.4366666666666667,0.9,0.2007977555308326,0.1352949868729641,0.6627592444419861,0.6627592444419861,0.6373583674430847,nearest_valid_ocean_to_land_mask
