Region,DisplayRegion,Year,T2M_C,GLASS_Albedo,ValidPixels,T2M_z,GLASS_z
Plateau,Plateau,2001,-2.4681877842758233,0.2359355105835535,5476,-0.4409438641110363,-1.0588746672539853
Plateau,Plateau,2002,-2.7582598497142348,0.2435087054483355,5476,-1.0878332434810443,0.5091007351059001
Plateau,Plateau,2003,-2.6185179709330377,0.23986201253815084,5476,-0.7761950404016071,-0.2459207433087217
Plateau,Plateau,2004,-2.621999522937489,0.24150144565731776,5476,-0.783959245520773,0.09351206550780838
Plateau,Plateau,2005,-2.89513611618381,0.2473565230434003,5476,-1.3930808478415788,1.3057636296375144
Plateau,Plateau,2006,-2.127871208976872,0.24172524383401356,5476,0.317995738886368,0.13984786465432852
Plateau,Plateau,2007,-2.262140981166936,0.23472351004843145,5476,0.018560874419473503,-1.3098106408621455
Plateau,Plateau,2008,-2.714323970653639,0.24589430104533658,5476,-0.989851890141734,1.0030211059484124
Plateau,Plateau,2009,-2.339082828184505,0.245415130942884,5476,-0.1530270500831875,0.9038123905242476
Plateau,Plateau,2010,-2.0365765972642462,0.23612620442795906,5476,0.521591747420825,-1.0193928814623852
Plateau,Plateau,2011,-2.5683335175823223,0.24021460593722557,5476,-0.6642787487276673,-0.1729188218403305
Plateau,Plateau,2012,-3.0471447767417934,0.243440045800475,5476,-1.7320751868469604,0.4948852499768201
Plateau,Plateau,2013,-2.396866952171363,0.24091416431003138,5476,-0.2818913584984171,-0.028080303796205106
Plateau,Plateau,2014,-2.585812669874636,0.24094475731287407,5476,-0.703258986142805,-0.021746243099478185
Plateau,Plateau,2015,-2.188720992126198,0.2418584223518137,5476,0.18229470750034277,0.16742151669442967
Plateau,Plateau,2016,-1.3884531855990827,0.22963215446051652,5476,1.9669710220282537,-2.3639391122741857
Plateau,Plateau,2017,-1.7968784104165778,0.23722818353052405,5476,1.056142398107065,-0.7912360523318225
Plateau,Plateau,2018,-2.229897392146186,0.23557813910344275,5476,0.0904672651943663,-1.1328658559561835
Plateau,Plateau,2019,-2.5907552012391273,0.2511615853131274,5476,-0.7142813196517566,2.093574342276752
Plateau,Plateau,2020,-2.159578695270762,0.24532785425667464,5476,0.24728491018579296,0.8857423818133725
Plateau,Plateau,2021,-1.896503226885376,0.234423170333198,5476,0.8339692095308103,-1.3719938137827012
Plateau,Plateau,2022,-1.6879066141324168,0.24292115078960128,5476,1.2991602756146905,0.3874517786368869
Plateau,Plateau,2023,-1.8756540221777847,0.24566606086894932,5476,0.8804649969595921,0.9557656227876999
Plateau,Plateau,2024,-1.2365304967605564,0.24383607602200996,5476,2.3057736356009952,0.5768804524039546
I Boreal Arctic,Boreal-Arctic,2001,-4.497701477272197,0.34692633338436807,91267,-1.1504478512790965,0.7140782352776897
I Boreal Arctic,Boreal-Arctic,2002,-4.463058477078652,0.3478129585163154,91267,-1.0817307545483048,0.8943781373598846
I Boreal Arctic,Boreal-Arctic,2003,-4.126925116134918,0.34605694667013215,91267,-0.4149839788830514,0.537283856458286
I Boreal Arctic,Boreal-Arctic,2004,-4.818548556215913,0.3543148989099884,91267,-1.7868730926378273,2.2165820475386595
I Boreal Arctic,Boreal-Arctic,2005,-3.766491469418332,0.34486535359000775,91267,0.29996431162530823,0.29496711184223545
I Boreal Arctic,Boreal-Arctic,2006,-4.292895475793645,0.3473228876454448,91267,-0.7441991506463277,0.7947196381278137
I Boreal Arctic,Boreal-Arctic,2007,-3.77787093872175,0.34443821165935123,91267,0.277392245450342,0.20810554487602215
I Boreal Arctic,Boreal-Arctic,2008,-4.065332976835149,0.3423819223634523,91267,-0.2928111598294862,-0.21005174093084833
I Boreal Arctic,Boreal-Arctic,2009,-4.79344254071125,0.34715777502350337,91267,-1.7370733499388626,0.7611431146390348
I Boreal Arctic,Boreal-Arctic,2010,-4.032180447907593,0.3427176097078837,91267,-0.22705052927042296,-0.14178794696610647
I Boreal Arctic,Boreal-Arctic,2011,-3.9466715720952004,0.346073077253673,91267,-0.057436995289138655,0.5405640957929783
I Boreal Arctic,Boreal-Arctic,2012,-4.155553394129267,0.3419341579243607,91267,-0.4717704043422496,-0.30110700387696343
I Boreal Arctic,Boreal-Arctic,2013,-4.2428443123475645,0.3503046936504627,91267,-0.6449187586249157,1.4010856335875215
I Boreal Arctic,Boreal-Arctic,2014,-4.198045343046304,0.3466422676038539,91267,-0.5560565039207712,0.656311958904365
I Boreal Arctic,Boreal-Arctic,2015,-3.7314504468554928,0.3442496042507019,91267,0.36947091681376876,0.16975123245453094
I Boreal Arctic,Boreal-Arctic,2016,-3.35316495862169,0.3430546067481085,91267,1.1198297293181405,-0.07325781944639997
I Boreal Arctic,Boreal-Arctic,2017,-3.5609288179421474,0.3405007898242533,91267,0.7077138866277385,-0.5925899754113917
I Boreal Arctic,Boreal-Arctic,2018,-4.165313364556659,0.3455665976928115,91267,-0.49113006800306924,0.4375688028111606
I Boreal Arctic,Boreal-Arctic,2019,-3.458083091681856,0.3355012029941289,91267,0.9117164175948411,-1.6092823558123865
I Boreal Arctic,Boreal-Arctic,2020,-2.94193265113202,0.33471158084298025,91267,1.9355411311804982,-1.7698561895603016
I Boreal Arctic,Boreal-Arctic,2021,-3.9839664791398715,0.33769712261257917,91267,-0.1314143563905622,-1.1627305066477018
I Boreal Arctic,Boreal-Arctic,2022,-3.573402791988244,0.33987088399695614,91267,0.6829707848076274,-0.7206846513803001
I Boreal Arctic,Boreal-Arctic,2023,-3.1226757261229783,0.3334706133310744,91267,1.5770231247092013,-2.0222134855827902
I Boreal Arctic,Boreal-Arctic,2024,-2.956687162490318,0.3383843571535239,91267,1.9062744054766236,-1.0229777340551955
II MidLat Arid,Mid-latitude arid,2001,12.80053512734117,0.22443433295689635,68415,-0.5321688826383477,0.12606822093234268
II MidLat Arid,Mid-latitude arid,2002,12.744696859990746,0.22261544909425593,68415,-0.6874771724808442,-0.7108348247500017
II MidLat Arid,Mid-latitude arid,2003,12.484420700168785,0.22668158797473675,68415,-1.411408039014332,1.1600729792819768
II MidLat Arid,Mid-latitude arid,2004,12.673456458368069,0.2216685564318144,68415,-0.8856248849496956,-1.146518140990537
II MidLat Arid,Mid-latitude arid,2005,12.610335658434007,0.2235161416616456,68415,-1.061188776102114,-0.2964090505955121
II MidLat Arid,Mid-latitude arid,2006,12.989392334054196,0.22277522224300692,68415,-0.006882350823923108,-0.6373201614147361
II MidLat Arid,Mid-latitude arid,2007,12.990861450155768,0.2213499711549338,68415,-0.0027961583229417237,-1.2931052838023298
II MidLat Arid,Mid-latitude arid,2008,12.634791931726898,0.22556695917666197,68415,-0.9931662144921178,0.6472110780499429
II MidLat Arid,Mid-latitude arid,2009,12.691864262010052,0.22545845319518412,68415,-0.8344255079086538,0.5972854130645263
II MidLat Arid,Mid-latitude arid,2010,13.04562318725677,0.2273041690981955,68415,0.14951787543076425,1.446534390650258
II MidLat Arid,Mid-latitude arid,2011,12.524734251533616,0.22894402067330114,68415,-1.299280119989604,2.201061277089625
II MidLat Arid,Mid-latitude arid,2012,12.768981014648814,0.22730565591446103,68415,-0.6199333408188378,1.4472185030812625
II MidLat Arid,Mid-latitude arid,2013,12.74225841916313,0.22665369154399642,68415,-0.6942594401404489,1.1472373011335333
II MidLat Arid,Mid-latitude arid,2014,12.7040057129392,0.2237054301617692,68415,-0.8006553343432979,-0.20931381295009815
II MidLat Arid,Mid-latitude arid,2015,13.168715944295352,0.2210233099760994,68415,0.49188748134431526,-1.4434083026414921
II MidLat Arid,Mid-latitude arid,2016,13.381875087680738,0.22188769330737199,68415,1.084767303630284,-1.0456890983329044
II MidLat Arid,Mid-latitude arid,2017,13.246559163032249,0.22305792784455322,68415,0.7084002377662063,-0.5072419393659123
II MidLat Arid,Mid-latitude arid,2018,13.083051767374924,0.22345266813288886,68415,0.25362154922320174,-0.3256144279303838
II MidLat Arid,Mid-latitude arid,2019,12.984707278056426,0.22268847793692786,68415,-0.019913343176598642,-0.6772328658178488
II MidLat Arid,Mid-latitude arid,2020,13.229531708091612,0.22213179976758657,68415,0.661040156003562,-0.9333710750547424
II MidLat Arid,Mid-latitude arid,2021,13.481546771305434,0.22145941287140286,68415,1.36199364792795,-1.2427490693573329
II MidLat Arid,Mid-latitude arid,2022,13.293909421363761,0.2248378242826957,68415,0.840100019905162,0.31172225107897744
II MidLat Arid,Mid-latitude arid,2023,13.64459758176942,0.22547459222847327,68415,1.815502392597162,0.6047112891149349
II MidLat Arid,Mid-latitude arid,2024,13.884350100302045,0.22585487223403036,68415,2.482348901373204,0.7796853495262601
SiberianTaiga,Siberian taiga,2001,-4.354183419226244,0.2714476065461085,26787,-1.3338461798503087,0.9584801465468056
SiberianTaiga,Siberian taiga,2002,-3.858610700440867,0.2725155943363818,26787,-0.6930768525639992,1.1583026457425756
SiberianTaiga,Siberian taiga,2003,-3.3332268819458926,0.2693484164983679,26787,-0.013762146199111121,0.5657177896671614
SiberianTaiga,Siberian taiga,2004,-4.260872719715315,0.279245074960001,26787,-1.2131966124149247,2.417400969476231
SiberianTaiga,Siberian taiga,2005,-3.0204304675224036,0.2674576914231582,26787,0.39067970552136533,0.21195961634212915
SiberianTaiga,Siberian taiga,2006,-4.503490243184954,0.27391962252916324,26787,-1.5268980358559492,1.4209989283949465
SiberianTaiga,Siberian taiga,2007,-2.645518394421766,0.26378165634703366,26787,0.8754363270339619,-0.47583337411383037
SiberianTaiga,Siberian taiga,2008,-2.8886343773682497,0.2654543787889025,26787,0.5610904017235853,-0.16286389839580528
SiberianTaiga,Siberian taiga,2009,-4.480550658851463,0.2680769862759071,26787,-1.4972374402169781,0.32783083354368514
SiberianTaiga,Siberian taiga,2010,-4.665520507112894,0.2656020026159832,26787,-1.7364011406103763,-0.1352432061587096
SiberianTaiga,Siberian taiga,2011,-2.9005263615761874,0.2619856697031992,26787,0.545714214875173,-0.8118658109653719
SiberianTaiga,Siberian taiga,2012,-3.835308447439868,0.2639731908330616,26787,-0.6629473308738192,-0.43999691602989904
SiberianTaiga,Siberian taiga,2013,-3.3945307801133544,0.26731278055218977,26787,-0.09302731980485414,0.18484652323257852
SiberianTaiga,Siberian taiga,2014,-3.644750330577232,0.2672424514870251,26787,-0.41655806907125764,0.17168782451401557
SiberianTaiga,Siberian taiga,2015,-2.654690720491077,0.26885391128363095,26787,0.8635766241441656,0.473194945516678
SiberianTaiga,Siberian taiga,2016,-3.1553495000593204,0.2702193608931256,26787,0.21623108387671708,0.7286731035818458
SiberianTaiga,Siberian taiga,2017,-2.8497475510200143,0.2632615423048495,26787,0.6113705818362635,-0.5731476774444506
SiberianTaiga,Siberian taiga,2018,-3.375562377849248,0.2631299351217378,26787,-0.06850141291422181,-0.5977716258462953
SiberianTaiga,Siberian taiga,2019,-2.816875193400083,0.2607012824130931,26787,0.6538741291059036,-1.0521770585111991
SiberianTaiga,Siberian taiga,2020,-1.3782475670903584,0.2538545520047704,26787,2.5140016570806814,-2.3332130347376934
SiberianTaiga,Siberian taiga,2021,-3.7242770732451778,0.2579384164467592,26787,-0.5193851527039226,-1.5691144124434073
SiberianTaiga,Siberian taiga,2022,-2.750527845375995,0.26076977913894916,26787,0.7396604202980895,-1.0393611938805885
SiberianTaiga,Siberian taiga,2023,-2.8477928996986424,0.26512893368109275,26787,0.6138979215480711,-0.22375528253507396
SiberianTaiga,Siberian taiga,2024,-2.402771808945219,0.2705751941374452,26787,1.189304626035746,0.7952501645037553
Greenland,Greenland,2001,-18.296456800531054,0.7171191566861285,10517,-0.439210620670266,0.8468885344339674
Greenland,Greenland,2002,-18.03027383185635,0.7141577754972582,10517,-0.11840678246035782,0.6065423136353693
Greenland,Greenland,2003,-17.429446462951034,0.7077587238681756,10517,0.6057106432564491,0.08719415220132662
Greenland,Greenland,2004,-18.275959360688454,0.7139816112356897,10517,-0.41450709659537,0.5922447910243328
Greenland,Greenland,2005,-17.251957541465067,0.7103215044822615,10517,0.8196203743558077,0.2951898798862308
Greenland,Greenland,2006,-18.282709737318015,0.7186218107635318,10517,-0.4226426536631562,0.9688442049936501
Greenland,Greenland,2007,-18.460458380790385,0.7144936510536355,10517,-0.636865401821872,0.6338020331666798
Greenland,Greenland,2008,-18.40237806787432,0.7132961288642986,10517,-0.5668669815597693,0.5366109205833698
Greenland,Greenland,2009,-18.989405228369815,0.7171363223391656,10517,-1.274352389653477,0.8482817018689855
Greenland,Greenland,2010,-15.91154700888509,0.706321399612355,10517,2.4350837744734357,-0.029459338489766677
Greenland,Greenland,2011,-19.140433554118484,0.7133344969808224,10517,-1.4563717984076083,0.5397248837031173
Greenland,Greenland,2012,-17.42764002053264,0.7044801928176128,10517,0.607887768503086,-0.17889200743766778
Greenland,Greenland,2013,-18.727389357882004,0.7196697260670509,10517,-0.9585707401253204,1.0538931962766396
Greenland,Greenland,2014,-18.085157708017675,0.716235312641875,10517,-0.1845528556522452,0.775155595557325
Greenland,Greenland,2015,-19.604909037733023,0.7188814404056724,10517,-2.016157868267107,0.9899157926468352
Greenland,Greenland,2016,-16.572266367303456,0.7083642171629307,10517,1.6387844950134058,0.13633609504212782
Greenland,Greenland,2017,-17.865399838144345,0.7023329123381713,10517,0.08029943179200856,-0.35316567074314875
Greenland,Greenland,2018,-18.386626703823975,0.7100548470243262,10517,-0.5478834302471098,0.2735479134607731
Greenland,Greenland,2019,-17.076614029664704,0.6865743322413127,10517,1.030944456699722,-1.6321348171896084
Greenland,Greenland,2020,-18.394820006559737,0.6964693619817417,10517,-0.5577580025322374,-0.829052454223315
Greenland,Greenland,2021,-16.93839385110504,0.6963481374208743,10517,1.1975274804775784,-0.8388910610132637
Greenland,Greenland,2022,-17.231651783335696,0.7033072826770526,10517,0.8440928835403646,-0.2740856017913697
Greenland,Greenland,2023,-17.666887598460857,0.6745512751857818,10517,0.3195464758053091,-2.607928253240027
Greenland,Greenland,2024,-17.919872596693153,0.6766134373881078,10517,0.014648837738806517,-2.4405628043523646
Sahelian,Sahel,2001,28.148606006611452,0.29554521126048106,4945,-1.3267422531502573,-0.9136086949771218
Sahelian,Sahel,2002,28.358386656435073,0.2987186329801526,4945,-0.7051484805692219,0.6840319232015418
Sahelian,Sahel,2003,28.394260706055196,0.29741901791303527,4945,-0.5988513275196912,0.029748313067760213
Sahelian,Sahel,2004,28.428390194507184,0.29875152913400765,4945,-0.49772342320168517,0.7005932996031986
Sahelian,Sahel,2005,28.575274607602687,0.29807085758462853,4945,-0.06249530971195259,0.357913186151641
Sahelian,Sahel,2006,28.301753093393483,0.2977933854961882,4945,-0.8729574283216754,0.218221484870607
Sahelian,Sahel,2007,28.185001882642606,0.2976357533945044,4945,-1.2188988943484897,0.13886252453518463
Sahelian,Sahel,2008,28.096983873150265,0.29700863608765243,4945,-1.4797020076071141,-0.1768560185058498
Sahelian,Sahel,2009,28.906324994537854,0.29892881009998445,4945,0.9184286177449259,0.7898443658320514
Sahelian,Sahel,2010,29.241238855124593,0.29757881197304825,4945,1.9108002700723594,0.11019569868874449
Sahelian,Sahel,2011,28.427641952880084,0.29924508058832994,4945,-0.499940512033198,0.9490688947938817
Sahelian,Sahel,2012,28.285090818816172,0.29753377748086063,4945,-0.9223288366140968,0.087523346794259
Sahelian,Sahel,2013,28.724057698559193,0.29689434813526894,4945,0.3783587103403231,-0.23439362019442725
Sahelian,Sahel,2014,28.52744093072335,0.2974893817759404,4945,-0.20422961977747747,0.06517258861625676
Sahelian,Sahel,2015,28.561301312975207,0.2986932827083374,4945,-0.10389909471397359,0.6712694770120541
Sahelian,Sahel,2016,28.92829912068109,0.29810752936329965,4945,0.9835393893057395,0.37637537880087274
Sahelian,Sahel,2017,28.786905641968893,0.29917558049098636,4945,0.564581273173648,0.9140794769692117
Sahelian,Sahel,2018,28.603583519822717,0.2988184448200883,4945,0.02138584691192482,0.7342816106817475
Sahelian,Sahel,2019,28.51870630651938,0.29687399876780224,4945,-0.23011088201776853,-0.24463839031669335
Sahelian,Sahel,2020,28.60011066651577,0.29322603230508354,4945,0.011095555645786839,-2.0811857859764613
Sahelian,Sahel,2021,29.06012261202179,0.29292268239085706,4945,1.374141007549192,-2.2339055274104487
Sahelian,Sahel,2022,28.302017078988047,0.2920015806710635,4945,-0.8721752217560539,-2.69762880499887
Sahelian,Sahel,2023,29.417026823996828,0.2984591948157404,4945,2.431671507898733,0.5534192955758775
Sahelian,Sahel,2024,28.93425974637274,0.2997467193094423,4945,1.001201112699823,1.201615977185206
Amazon,Amazon,2001,24.41256902604094,0.13213972875525754,10627,-1.6889021119121643,-0.5204557835635815
Amazon,Amazon,2002,24.78067035665535,0.1322498096319375,10627,-0.50211399236793,-0.4897227705627092
Amazon,Amazon,2003,24.672373321719718,0.13253335402515684,10627,-0.8512722913312855,-0.4105612142056581
Amazon,Amazon,2004,24.659973381110607,0.13244907180794288,10627,-0.8912506912283569,-0.4340916089072698
Amazon,Amazon,2005,24.938173257408387,0.13278013417395498,10627,0.005687951991961172,-0.3416637112958635
Amazon,Amazon,2006,24.71749473589301,0.1328672382272444,10627,-0.7057972445866412,-0.3173455001504828
Amazon,Amazon,2007,24.82107604253853,0.13224978618207728,10627,-0.37184283065233986,-0.48972931742971054
Amazon,Amazon,2008,24.583513531322662,0.13302722492367008,10627,-1.1377633598976338,-0.272679493033622
Amazon,Amazon,2009,24.852597477988493,0.13296187027336914,10627,-0.2702152026278591,-0.2909255806188955
Amazon,Amazon,2010,25.23203131296206,0.13273193153849352,10627,0.9531098170022453,-0.3551212006163765
Amazon,Amazon,2011,24.799372393751895,0.13371671870793467,10627,-0.4418171295437479,-0.08018264821442483
Amazon,Amazon,2012,24.79525542973913,0.13304733811470204,10627,-0.45509055067153054,-0.2670641765488955
Amazon,Amazon,2013,24.78833183115837,0.13340335155287952,10627,-0.4774127860365124,-0.16767029494125252
Amazon,Amazon,2014,24.857646491918505,0.13333048900907038,10627,-0.25393677804963116,-0.1880124794668471
Amazon,Amazon,2015,25.30482813833636,0.13230227600273234,10627,1.1878126021037094,-0.4750749070610924
Amazon,Amazon,2016,25.358988565437908,0.13301976848826758,10627,1.3624301491967086,-0.27476122360369815
Amazon,Amazon,2017,25.09870641516122,0.13328544696290734,10627,0.5232596871877657,-0.2005875772682492
Amazon,Amazon,2018,24.7487018019059,0.1332846471702818,10627,-0.6051831687610746,-0.20081086797868125
Amazon,Amazon,2019,25.074738503923797,0.1333233870916006,10627,0.4459852251275837,-0.1899952336791369
Amazon,Amazon,2020,25.16123210918514,0.1334790974528091,10627,0.7248475236402635,-0.14652311845149835
Amazon,Amazon,2021,24.795303975689343,0.13319618079767864,10627,-0.4549340346467982,-0.22550941927435386
Amazon,Amazon,2022,24.76027184708809,0.13311265775754502,10627,-0.5678804180703951,-0.24882786254730943
Amazon,Amazon,2023,25.458993991618634,0.14576095786975146,10627,1.684855638621434,3.2823973921124687
Amazon,Amazon,2024,25.800973214852426,0.14584162532697847,10627,2.787423995512195,3.304918597307016
III Tropical South,Tropical/Southern,2001,13.406555256508831,0.27182602172553316,179496,-1.7839198553555617,-2.5947069029600027
III Tropical South,Tropical/Southern,2002,13.792828649816615,0.2736352245584307,179496,-0.31959318147335836,-0.8276178058549107
III Tropical South,Tropical/Southern,2003,13.686110742513561,0.2751368004218637,179496,-0.7241508884035732,0.6390051114324042
III Tropical South,Tropical/Southern,2004,13.560834623541133,0.2743505735808663,179496,-1.199061057703266,-0.12892032695133987
III Tropical South,Tropical/Southern,2005,13.909613858094406,0.2748847177266858,179496,0.12312873144855058,0.39279027353923107
III Tropical South,Tropical/Southern,2006,13.609694987472201,0.27490200930923153,179496,-1.0138359414011313,0.4096793511111901
III Tropical South,Tropical/Southern,2007,13.762314812373925,0.2752312379974184,179496,-0.43526831432993085,0.731244415442566
III Tropical South,Tropical/Southern,2008,13.460145489194645,0.2756256358962485,179496,-1.580764244482662,1.116461713509509
III Tropical South,Tropical/Southern,2009,13.9483567475194,0.27573290109150267,179496,0.2699994385466239,1.2212300421821547
III Tropical South,Tropical/Southern,2010,13.835368657228882,0.27465713087854404,179496,-0.15832795161245916,0.17050108037465822
III Tropical South,Tropical/Southern,2011,13.642906642110855,0.2740063511178925,179496,-0.8879336333112907,-0.4651301483373915
III Tropical South,Tropical/Southern,2012,13.62922676494653,0.27449394719442327,179496,-0.9397927811951617,0.011115905980789126
III Tropical South,Tropical/Southern,2013,13.931898084819723,0.27531134165696614,179496,0.2076061719506955,0.8094834613091606
III Tropical South,Tropical/Southern,2014,13.831954277483952,0.2748707900342275,179496,-0.17127154913143258,0.37918678307180537
III Tropical South,Tropical/Southern,2015,13.966193042874606,0.2747325418943718,179496,0.33761518300215365,0.24415671557915447
III Tropical South,Tropical/Southern,2016,14.127055308103317,0.2744533308325842,179496,0.9474291382901002,-0.028555008117281455
III Tropical South,Tropical/Southern,2017,13.97805181220584,0.27224832048541175,179496,0.38257067968402036,-2.1822382063974857
III Tropical South,Tropical/Southern,2018,14.027958572292444,0.2732515189032896,179496,0.5717625869392672,-1.202391749034912
III Tropical South,Tropical/Southern,2019,14.23867651951188,0.27475704440470394,179496,1.3705748171496484,0.26808886849884556
III Tropical South,Tropical/Southern,2020,14.161670029597428,0.27466567449289564,179496,1.0786503429368344,0.17884582066361668
III Tropical South,Tropical/Southern,2021,13.90382268282782,0.2741789470489213,179496,0.10117492214429155,-0.2965518207005475
III Tropical South,Tropical/Southern,2022,13.814261985948136,0.27326152843976725,179496,-0.23834138843914018,-1.19261520963582
III Tropical South,Tropical/Southern,2023,14.304537812688404,0.27500419156112205,179496,1.620248882321186,0.5094830546816679
III Tropical South,Tropical/Southern,2024,14.521174865122479,0.2763638116564854,179496,2.4414998924254885,1.8374545806126135
