Latitude,T2M_mean_C,GLASS_albedo_mean,T2M_slope_C_per_year,GLASS_albedo_slope_per_year
90.0,,,,
89.75,,,,
89.5,,,,
89.25,,,,
89.0,,,,
88.75,,,,
88.5,,,,
88.25,,,,
88.0,,,,
87.75,,,,
87.5,,,,
87.25,,,,
87.0,,,,
86.75,,,,
86.5,,,,
86.25,,,,
86.0,,,,
85.75,,,,
85.5,,,,
85.25,,,,
85.0,,,,
84.75,,,,
84.5,,,,
84.25,,,,
84.0,,,,
83.75,,,,
83.5,-15.420704,0.53972685,0.04684532540041802,-2.682533956343127e-05
83.25,-18.532722,0.5107269,0.04899351885861448,-0.00015203153423945924
83.0,-18.461433,0.51396334,0.053485821267832884,7.380615358335384e-05
82.75,-18.282011,0.54675525,0.061385722128146726,-0.0003451760330137098
82.5,-19.206207,0.5626199,0.06098924337691445,-0.0005655851203760849
82.25,-19.188963,0.55428594,0.05644941115565635,-0.0007990691730384238
82.0,-18.729725,0.5659938,0.05396584151388869,-0.0005315541831240623
81.75,-18.017956,0.572872,0.054136616137142754,-0.0005941001064032581
81.5,-18.077774,0.57853496,0.05701526164312838,-0.0005996662162642177
81.25,-17.813292,0.5960752,0.06320565767942767,-0.0006165550972289456
81.0,-17.535248,0.626116,0.06929842024788387,-0.0009153768567667194
80.75,-17.639633,0.6352729,0.07398255582483447,-0.0011276871454274531
80.5,-18.11412,0.6512393,0.07061497232188349,-0.0012670314937340114
80.25,-17.393864,0.63767767,0.06964016342569819,-0.0012070815131543103
80.0,-18.041258,0.65168446,0.06953042428345493,-0.001272645800183247
79.75,-17.9303,0.65528667,0.06794694544352847,-0.001059713909455387
79.5,-17.853937,0.6596505,0.06285337213440602,-0.001037673261964198
79.25,-18.382944,0.6553719,0.06193846201658442,-0.0010712355628806837
79.0,-18.34323,0.65531456,0.05854787565593921,-0.0011016870908373611
78.75,-18.124807,0.6604066,0.0550446931065225,-0.0012120720932870149
78.5,-18.312849,0.6561917,0.05345049164020271,-0.0012163926355737934
78.25,-19.1237,0.68028766,0.05250412822806316,-0.0013194642989774762
78.0,-19.214575,0.69485164,0.04867818316704871,-0.001290821112003719
77.75,-19.028522,0.68640006,0.043074848296079174,-0.0012533033771832177
77.5,-18.635242,0.67304945,0.04614633520543795,-0.001384379216653069
77.25,-18.871399,0.6686209,0.04460648048089685,-0.0013311417459390738
77.0,-18.89352,0.66995543,0.047136611862841724,-0.0014596545208768355
76.75,-18.448067,0.6656524,0.05123878759226963,-0.0016084646229075582
76.5,-17.750025,0.6467902,0.05024518979841679,-0.0016972693131393594
76.25,-17.072319,0.6375643,0.06287134333789739,-0.0016597384506776313
76.0,-17.246672,0.6333301,0.06914075231723416,-0.001852671905888747
75.75,-17.08911,0.62023616,0.06737932142244231,-0.0020013618828453616
75.5,-16.97267,0.6160453,0.06639460919774791,-0.002124132120624163
75.25,-16.739424,0.6141929,0.06563356222534482,-0.0020721135587400408
75.0,-16.75481,0.6211914,0.06565120446110516,-0.0020011181012045184
74.75,-16.956978,0.62901413,0.06700277880843292,-0.0019625441410795973
74.5,-16.83651,0.6225908,0.06502444939912805,-0.0018490209781389308
74.25,-16.547255,0.6126222,0.06544507927261153,-0.0018655787046303225
74.0,-16.358473,0.60610056,0.06486182180240747,-0.0019219463961804278
73.75,-15.457434,0.58359045,0.0693105016556265,-0.00202984142846713
73.5,-15.106784,0.57302946,0.07510442924461296,-0.002215730726056098
73.25,-15.043738,0.56972367,0.07846109081994647,-0.0023728517213503996
73.0,-14.869576,0.5651567,0.07908751598363224,-0.0024255512424771015
72.75,-14.353325,0.552849,0.0816281164504862,-0.0025348360160341744
72.5,-14.207276,0.5532548,0.08108582445127063,-0.002591992349036244
72.25,-14.023496,0.5458431,0.0814379742122608,-0.0025399166624171395
72.0,-13.70099,0.54062074,0.08105360810958451,-0.0023790819373745355
71.75,-13.267249,0.53331,0.08211740162641525,-0.0023506167114877383
71.5,-13.102683,0.52846724,0.08125640899144797,-0.002223351057259377
71.25,-12.995225,0.52322,0.0824350640104507,-0.002103206422432097
71.0,-12.590749,0.516898,0.08240115627043675,-0.0020445089533424796
70.75,-12.056357,0.50445247,0.08034699355538116,-0.0019125241782955201
70.5,-11.984155,0.4966832,0.07728484527161446,-0.00184747185579581
70.25,-11.498468,0.4936921,0.07626223916211272,-0.001701023907966346
70.0,-11.300557,0.49115422,0.07585842934210466,-0.0013335653722978196
69.75,-10.686538,0.48223814,0.0747365592323159,-0.0009514735160003598
69.5,-10.538836,0.47946918,0.0733755294750181,-0.0009448822150947401
69.25,-10.234952,0.46716022,0.07322866615730544,-0.000924315480560843
69.0,-10.0892,0.4599001,0.07185343604639075,-0.0009303740872225811
68.75,-9.523032,0.4457816,0.07107852158979401,-0.0009038752657431571
68.5,-9.147055,0.4380389,0.07035544084382762,-0.0008631284765491308
68.25,-8.90774,0.42967817,0.06960915474537381,-0.000857726733452071
68.0,-8.778773,0.42619005,0.06877249265207305,-0.0009141135097096889
67.75,-8.6679735,0.423688,0.06901918133717957,-0.0009654991080091376
67.5,-8.476842,0.42418653,0.06839038524521027,-0.0008696015918414769
67.25,-8.202078,0.4180938,0.06732045785560696,-0.0008639224684754384
67.0,-7.9280148,0.41148484,0.06586578322023594,-0.000878023480320335
66.75,-7.6730223,0.40712768,0.06528444252867442,-0.0008731708642344034
66.5,-7.4322166,0.40091237,0.06444589737064346,-0.0008345345673580264
66.25,-7.15878,0.39872998,0.06415468847383617,-0.000757907718462785
66.0,-6.7961993,0.39512396,0.062218540892613576,-0.0007480684197196209
65.75,-6.629491,0.38840517,0.061488594032650626,-0.0007306740745441941
65.5,-6.4717083,0.38383037,0.06078548836619061,-0.0006915956908969716
65.25,-6.4723225,0.3822327,0.06005110986255447,-0.0006387063193752276
65.0,-6.2906847,0.377378,0.059629899530467455,-0.0006412906142481286
64.75,-6.157651,0.37351298,0.059335786390429725,-0.0006014801922169598
64.5,-6.004548,0.36953777,0.05845421641782014,-0.0006343304008045662
64.25,-5.6508355,0.3577522,0.05792311987364935,-0.0006310256842545072
64.0,-5.352239,0.35010302,0.05735848553567302,-0.0005591098775685312
63.75,-5.265547,0.35075888,0.057937331929398206,-0.0005906683416143515
63.5,-5.0620546,0.3452769,0.05814639128829515,-0.0005896389582686697
63.25,-4.8300133,0.33971217,0.05816123541214506,-0.0005972413325625877
63.0,-4.529918,0.33482757,0.0576955289545629,-0.0005779221461105739
62.75,-4.3085566,0.33400178,0.05781289864176466,-0.00059495294917445
62.5,-4.0497103,0.33043987,0.0574893401876221,-0.0005910543710066363
62.25,-3.9433334,0.33086,0.05686172977232739,-0.000634592018749403
62.0,-3.815535,0.3274066,0.05668389837949633,-0.0007006601325738407
61.75,-3.528584,0.32059947,0.05602419456060933,-0.0007593809740635616
61.5,-3.3233182,0.3184302,0.055758432444403754,-0.0009106767207515324
61.25,-3.0392365,0.31425765,0.055550319970966544,-0.0010032303811542034
61.0,-2.7616823,0.3060374,0.05447237402360042,-0.0010174465677572893
60.75,-2.4410832,0.30030662,0.05368481385789557,-0.0008951148586182407
60.5,-2.1556664,0.29870227,0.053288216204486046,-0.000949410858298184
60.25,-1.8398471,0.29063335,0.05278413705414331,-0.000991822589390181
60.0,-1.6053674,0.28391933,0.051853528438073004,-0.0010271091017343818
59.75,-1.4727505,0.2666667,0.051360739901199784,-0.00025689376187046316
59.5,-1.2217022,0.26180673,0.05058341525602498,4.190712937867905e-06
59.25,-0.9803209,0.2602629,0.04954055102849618,1.179010227751735e-05
59.0,-0.7853649,0.2579085,0.04871659770166801,7.610806411067053e-05
58.75,-0.8521765,0.25534293,0.04829818025591126,8.138117106648022e-05
58.5,-0.58272964,0.2571219,0.04723839837140571,8.91387346698129e-05
58.25,-0.5679019,0.25864732,0.04657738852641109,0.00012145346030271121
58.0,-0.5566397,0.2569403,0.04633221938359417,0.00010800145021796152
57.75,-0.44868597,0.25780737,0.04602029956506695,0.00014826163445169388
57.5,-0.14210156,0.25482482,0.04543645235563265,0.00015747374115354323
57.25,-0.09838004,0.25739348,0.04497145768488009,0.00013320315074698334
57.0,-0.08582542,0.26026568,0.04441337200217404,0.00018032999106038715
56.75,0.057034053,0.2564286,0.043690999018603106,0.00021401913552843293
56.5,0.17484668,0.25821766,0.04315365511544575,0.00020392079218800412
56.25,0.32063052,0.2604391,0.04254075504774548,0.00016543400457306122
56.0,0.39573887,0.2620567,0.041810629217710775,0.00012111443567071534
55.75,0.5995361,0.25709963,0.04129162089915379,9.530937784624472e-05
55.5,0.7935815,0.2516662,0.04174589830087125,7.510315199850104e-05
55.25,0.8277869,0.25251707,0.041037115789956204,8.48832485502147e-05
55.0,0.9619103,0.24617732,0.03992892215162756,6.484033174837714e-05
54.75,1.0919517,0.2499769,0.03967215895344107,1.3077972552149115e-05
54.5,1.2168353,0.2511517,0.03851916863381079,7.491949485990727e-06
54.25,1.5618234,0.2492278,0.03812443874050851,1.0006628610629657e-05
54.0,1.7815926,0.24658729,0.037684139361038455,1.6530545266918127e-05
53.75,1.9311175,0.24301724,0.03770867250789316,2.0503789977544355e-05
53.5,2.0463533,0.24593994,0.0372932746053865,1.2577216793312172e-05
53.25,2.2137554,0.24535745,0.037039160059173,2.0527852351359088e-05
53.0,2.319879,0.24475802,0.036698731097512226,2.1997188066257042e-05
52.75,2.4888165,0.24381547,0.03596482588765204,5.9128331063348624e-05
52.5,2.5543973,0.2437541,0.035878251089987254,9.008377687583811e-05
52.25,2.6622844,0.244857,0.03598617991665761,8.297406749986218e-05
52.0,2.7152665,0.24483004,0.03605915161409135,7.768054035069167e-05
51.75,2.801453,0.24536681,0.035702165725715884,6.661044101070722e-05
51.5,2.8214085,0.24587809,0.035701666910940066,6.347986262415193e-05
51.25,2.9685698,0.24449986,0.03566468193015238,0.00012743573294136086
51.0,3.0364554,0.24163719,0.03582779050404979,9.891393557373396e-05
50.75,3.1230052,0.2406425,0.03648082180731291,8.216129362598495e-05
50.5,3.2793312,0.24334437,0.03704385323682595,2.8001961080671066e-05
50.25,3.51082,0.24618082,0.036987614216658325,9.169238013619972e-07
50.0,3.6495352,0.24696513,0.03683325650204273,-3.3513326272586554e-05
49.75,3.833216,0.24740133,0.03671800439869122,-5.8764204290456474e-05
49.5,4.0579143,0.24526596,0.03681165792195737,-5.681623422279139e-05
49.25,4.315458,0.24165574,0.037588789396334525,-5.070550535648361e-05
49.0,4.428954,0.24442996,0.03806965435411673,-4.610976766038734e-05
48.75,4.636931,0.24402618,0.039201459324292004,-6.206783663130072e-05
48.5,4.968235,0.24130866,0.040264397946837456,-7.80067768046356e-05
48.25,5.209536,0.24128942,0.04110750736282703,-6.576328970759767e-05
48.0,5.5032988,0.23899408,0.04209033063999236,-6.652355872074162e-05
47.75,5.702646,0.23872195,0.04331066159952332,-7.441538824200654e-05
47.5,5.831053,0.2361945,0.04324011723817622,-4.5738354404323964e-05
47.25,5.941704,0.23564863,0.04335838636806241,9.576344994362538e-07
47.0,6.032058,0.23678088,0.04302558440260986,-5.1965821963874705e-05
46.75,6.197954,0.23222017,0.042681717406195384,-8.862966652831714e-05
46.5,6.3876333,0.22876063,0.04174253884250524,-0.00010565821033281762
46.25,6.7835636,0.22604167,0.041888661141709464,-7.341089124726093e-05
46.0,7.1166825,0.22545366,0.04252961047998379,-7.058200965494305e-05
45.75,7.3275776,0.2238858,0.04205887099584263,-5.653597224491297e-05
45.5,7.424271,0.22309236,0.041021932890272526,-5.11797762721959e-05
45.25,7.6872125,0.22371513,0.04043285159208003,-0.00011421469237775042
45.0,7.8639336,0.2220911,0.03978600353890547,-0.00013589417826136255
44.75,8.054311,0.2206308,0.03965440557927276,-0.00012354246825679193
44.5,8.262206,0.22044784,0.03945855570634397,-0.00015444892680372161
44.25,8.378655,0.22154914,0.03951189570097268,-0.0001674394893680124
44.0,8.50168,0.22021925,0.040111730285697346,-0.00010826517488664113
43.75,8.493452,0.21819304,0.03974712006842106,-7.799604649026677e-05
43.5,8.456617,0.21726115,0.03942433002159947,-8.640319597971471e-05
43.25,8.546417,0.21809182,0.03964258452867558,-0.00012654492177642526
43.0,8.469603,0.22006162,0.0398832437354502,-0.00013858662300569277
42.75,8.450072,0.2181266,0.039546503890830496,-0.00012636648165980673
42.5,8.480726,0.21544719,0.039302022501822215,-0.00011815785043021029
42.25,8.647893,0.21562621,0.03951570951032822,-0.00015946043177632598
42.0,8.815451,0.21785055,0.04045583374180615,-0.00017811713531819072
41.75,9.244165,0.21304007,0.040664592237548244,-0.00018913469198895784
41.5,9.691073,0.21075529,0.042027301972775245,-0.00018292007300861238
41.25,10.049172,0.20653568,0.043255659354210635,-0.0001463792524588454
41.0,10.391888,0.20100003,0.04429131321328405,-0.00012112993253211576
40.75,10.645931,0.20075417,0.04520847896412546,-0.0001034363018932627
40.5,10.924483,0.20655325,0.04513500655036428,-0.00015097845426475455
40.25,11.262953,0.20619306,0.045158284761088255,-0.0002002677044380237
40.0,11.295907,0.20635901,0.04510134399647993,-0.00020834735154390833
39.75,11.166711,0.20797436,0.04483093642058856,-0.00021987456741024466
39.5,10.973282,0.2109325,0.044068321258994764,-0.00021816376706807708
39.25,10.70143,0.21330091,0.04447494780138223,-0.00024976166669183
39.0,10.646489,0.21221332,0.044388706751729304,-0.00023423137558903568
38.75,10.637825,0.20871034,0.044008209095940526,-0.00019144479215695215
38.5,10.71589,0.20661257,0.043623935995151616,-0.00018810227886511616
38.25,10.697295,0.20430332,0.04373327235227688,-0.00016757674912857217
38.0,10.857632,0.20160449,0.043878145007415145,-0.00012676757312810085
37.75,10.872345,0.20238885,0.0441333716210782,-0.00013102616645952375
37.5,11.049533,0.19745706,0.044230659718548795,-0.000115655131171341
37.25,11.267372,0.19459575,0.0442432250415126,-7.800316883030121e-05
37.0,11.27833,0.19473734,0.04382970523148801,-5.605742671613662e-05
36.75,11.141739,0.19619438,0.043017309533942893,-3.719796946579354e-05
36.5,10.685794,0.19438489,0.042150978560331995,-5.44936074703419e-05
36.25,10.280931,0.19675153,0.04229795981250379,-5.251489029522392e-05
36.0,9.885711,0.20297357,0.04331044662009437,-5.558027523076419e-05
35.75,10.011232,0.20518644,0.04422014721153184,-5.505234046005145e-05
35.5,10.431718,0.20493703,0.04417244619862007,-2.8914685597578107e-05
35.25,11.025608,0.20427741,0.04425095857062547,1.648972234518632e-05
35.0,11.54997,0.20603573,0.04462414876925741,7.489595899589494e-05
34.75,11.782711,0.20705713,0.044581544932882536,5.5678046192631085e-05
34.5,12.0036125,0.20667088,0.04536914328324087,5.452400587681664e-05
34.25,12.165438,0.20758732,0.04607743490471002,9.144522563669595e-05
34.0,12.329677,0.2069988,0.045986674344788085,0.00012201849635753734
33.75,12.609156,0.20648092,0.045829018099458066,0.00013303361064787532
33.5,13.012017,0.20830974,0.04580688254056212,0.00012805370624868986
33.25,13.505923,0.2096143,0.045731998975014884,0.00014320601675051894
33.0,14.03912,0.21021372,0.04571735136720914,0.00013258416275692801
32.75,14.555789,0.21123798,0.045528370064394155,0.00014415244073492827
32.5,14.997458,0.21470019,0.045458453529241695,9.084722006465596e-05
32.25,15.497024,0.21787927,0.04504301264761078,6.405260873642669e-05
32.0,15.878676,0.22102128,0.04443559394314718,2.7628830967870353e-05
31.75,16.190748,0.22446434,0.04430235011494948,1.187480473483305e-05
31.5,16.288517,0.22436787,0.04447561100777688,2.4834299726296838e-05
31.25,16.694649,0.22727546,0.04443911058349666,3.276967961942926e-05
31.0,17.059916,0.23196551,0.0440667366533059,2.8093452567582965e-05
30.75,17.270144,0.23516305,0.04384872208756329,3.1300638469912893e-05
30.5,17.327868,0.24081124,0.04372824993203079,3.8781075729420795e-05
30.25,17.521254,0.24390636,0.04275729986228414,5.3480111430475554e-05
30.0,17.879168,0.24035145,0.04225874565499066,7.612175644575274e-05
29.75,18.125553,0.23960416,0.04135447478794707,9.465324480983075e-05
29.5,18.444656,0.23767972,0.040507255640710046,0.00010426484909699144
29.25,18.805422,0.238711,0.03967548703304991,9.929635237455973e-05
29.0,19.063295,0.23742704,0.039538824436827325,0.00010522629775654399
28.75,19.251583,0.2383288,0.03955343183177392,0.00013511955889964738
28.5,19.62403,0.2394371,0.03942580110692752,0.0001316063516145141
28.25,20.08491,0.24279305,0.03959206787381645,0.0001318743228879466
28.0,20.54498,0.24447694,0.038870824176453704,0.00011557900871568159
27.75,21.104057,0.24167335,0.03847662384620135,0.00010457060917459778
27.5,21.716068,0.23964372,0.03790001525085064,0.0001154380185105286
27.25,22.205511,0.23887728,0.03711736835687697,0.0001168409576495761
27.0,22.624514,0.2352066,0.0367186137319171,0.00012194113328730115
26.75,23.018772,0.23149551,0.036346684214678994,0.00013287059418099723
26.5,23.234531,0.2313854,0.03617153189383853,0.00012121382024334165
26.25,23.402475,0.2306634,0.03602833059559698,0.00010298247307377019
26.0,23.52221,0.2310493,0.035735044041035335,0.00010106824030116294
25.75,23.5831,0.23580216,0.0356492887935283,0.00010799795077963276
25.5,23.53675,0.23862755,0.035235400761758746,0.000105175661831559
25.25,23.464912,0.23970017,0.034712821243112355,0.0001111062825833565
25.0,23.616413,0.23987783,0.03420295735745127,0.00011174552916957183
24.75,23.759453,0.24416566,0.033923307182796826,0.00012562467155971852
24.5,23.890598,0.2463826,0.03350388640603239,0.00012305278956136124
24.25,24.032581,0.24592608,0.03291423323686333,0.00012457859893634892
24.0,24.193216,0.24779817,0.032412391356014605,0.0001269858636327667
23.75,24.255484,0.24829087,0.032086003604538206,0.0001314024695705584
23.5,24.365189,0.24884039,0.032151157595844006,0.0001363529232222796
23.25,24.506975,0.24911144,0.03205539642565738,0.00013428306007941357
23.0,24.735842,0.24817221,0.03236327408801897,0.00014932621120719412
22.75,24.983757,0.2512735,0.0327434735595827,0.00015375067856943642
22.5,25.215652,0.2546578,0.03267767242602015,0.0001568476965288849
22.25,25.393072,0.25625327,0.03277171246533589,0.00015501270792654182
22.0,25.548073,0.2582416,0.032864583886188015,0.00016477712972909618
21.75,25.648098,0.26301232,0.03332371244187477,0.0001597402667371629
21.5,25.75833,0.26674345,0.03347428017797042,0.00014379489491413765
21.25,25.865068,0.26782462,0.033464161582615067,0.00012528351701094188
21.0,25.946693,0.26987505,0.033470098624906915,0.00013969529001999493
20.75,25.997171,0.27711838,0.03344576739835954,0.00011829077853294819
20.5,26.038485,0.2784666,0.03364517686198895,0.00010425963635561736
20.25,26.06118,0.28122875,0.033983870327890305,0.0001149791765649507
20.0,25.989466,0.28135738,0.03386415003360266,0.00011180455285004789
19.75,25.934376,0.28388903,0.03356291120593674,0.00011053627252866679
19.5,26.011326,0.28591183,0.033585148217266186,0.00011107511501279116
19.25,26.206486,0.28738317,0.03302778034019969,0.00011372605555312865
19.0,26.43295,0.28900057,0.03239060114649488,9.198904790177134e-05
18.75,26.64141,0.29036984,0.032241605623085964,6.80195454026566e-05
18.5,26.845144,0.28241992,0.03150462543252433,5.4767279051390217e-05
18.25,26.997759,0.28141814,0.030964147018074487,3.768824364828028e-05
18.0,27.072712,0.28258124,0.030596588337065817,2.535012386322347e-05
17.75,27.113785,0.28311095,0.030205890076392503,4.341713724216978e-05
17.5,27.040272,0.27945927,0.029801226345401863,7.472652310262556e-05
17.25,27.00786,0.27809045,0.02946856147174799,3.617915232732151e-05
17.0,27.05422,0.27462727,0.028983009475918364,-1.2762686662368034e-05
16.75,27.204329,0.27146742,0.028668854974115747,-2.4450396137215297e-05
16.5,27.355618,0.2678527,0.028218281839860946,-2.3832479568713972e-05
16.25,27.427673,0.269425,0.027743204729628386,-7.4479789854374815e-06
16.0,27.557161,0.27010295,0.027755142284837518,-7.155366763012268e-05
15.75,27.465866,0.26443946,0.02864098076506368,-9.465084645028017e-05
15.5,27.258316,0.25797158,0.028375506700648475,-0.00012073228369539802
15.25,27.094042,0.24729446,0.02819337658149313,-0.00013438490040771787
15.0,27.109823,0.23983772,0.02825674953209463,-0.00013674918740643862
14.75,27.270876,0.2325817,0.028188817768225027,-7.447418561564103e-05
14.5,27.253359,0.22638877,0.02775850988143344,-3.829169018815694e-05
14.25,27.385384,0.21839146,0.027378548145578187,-9.637422189604606e-06
14.0,27.582453,0.21187524,0.026369501169329793,3.201666585394117e-05
13.75,27.755507,0.21019337,0.025631853644100804,5.740947470344466e-05
13.5,27.79542,0.20433003,0.02569397514228178,7.975984892210199e-05
13.25,27.7544,0.20065978,0.025407945343697183,0.00010936305221182039
13.0,27.764067,0.19443412,0.024915355328136535,9.470183038369212e-05
12.75,27.754156,0.18892248,0.024358697227809742,0.00014458642180239703
12.5,27.632282,0.18317486,0.023645648772875078,0.0001795132094208309
12.25,27.52773,0.17896362,0.025098398138448146,0.0002016037251746309
12.0,27.381187,0.17443438,0.026241599657674107,0.00022121380963740814
11.75,27.275919,0.1715531,0.026457534113476313,0.00023675131920095942
11.5,27.282087,0.16663453,0.026353282314582706,0.00025565956274856285
11.25,27.241518,0.16607799,0.0266408929743451,0.0002551506421264232
11.0,26.994303,0.16327956,0.027398966034399147,0.0002789823575488806
10.75,26.825699,0.16388828,0.0280420511414727,0.00031002380172023754
10.5,26.81839,0.16413808,0.027948418473570602,0.00030045714727494605
10.25,26.685934,0.16230646,0.028237181566291087,0.00028995405072751256
10.0,26.559265,0.15823002,0.029122641487437963,0.0002895409984036168
9.75,26.483011,0.15848292,0.03040358078712109,0.0002710313866587951
9.5,26.385069,0.15764807,0.03129355338106187,0.0002798009531199378
9.25,26.337902,0.1553292,0.03243037893691501,0.00029899104015118833
9.0,26.309437,0.15490608,0.03342373391856318,0.0003092917748825308
8.75,26.301067,0.15364864,0.03393409293116831,0.00033371633668547834
8.5,26.295813,0.15145352,0.03425860211914976,0.0003045659422762989
8.25,26.2444,0.14876333,0.0356451420463171,0.0002926166762251978
8.0,26.161978,0.14622086,0.03594171850720822,0.00029851548622469474
7.75,26.057507,0.14632982,0.03722427251970876,0.0003057701616392209
7.5,25.946127,0.14572586,0.037330744552092524,0.0003046469500125245
7.25,25.769247,0.14602989,0.03794098579244739,0.0003002563841109841
7.0,25.662386,0.14575052,0.03839025957047343,0.0002928238363490538
6.75,25.653742,0.14550403,0.03908449896117221,0.0003016258701200433
6.5,25.682137,0.1457525,0.03979173209371335,0.0002972178336524256
6.25,25.545416,0.14492601,0.040299842518746014,0.00030305407996957315
6.0,25.38231,0.1431191,0.04063197015897633,0.00031773881190180027
5.75,25.392887,0.14200841,0.04046232324083242,0.0003110239741524003
5.5,25.428806,0.1408268,0.04072110997323167,0.00031613071089747047
5.25,25.487366,0.1412575,0.03973389365006236,0.00032106737328341527
5.0,25.422777,0.14110202,0.039410068596166914,0.00031743280698224457
4.75,25.372353,0.13972859,0.039364935620838454,0.0003003545044095919
4.5,25.34723,0.13811667,0.0390773346720902,0.00029173250296537606
4.25,25.274433,0.13931327,0.03934225107051791,0.0002863068546066728
4.0,25.2467,0.13892524,0.03934623427445013,0.0002832728411676168
3.75,25.259392,0.13720919,0.03937729327149019,0.00029872793723130736
3.5,25.303263,0.13727206,0.03966935584119298,0.0003162627333994978
3.25,25.33429,0.13744041,0.039846988714835496,0.00031675050697617846
3.0,25.297182,0.13814913,0.039517352687524425,0.00033088934124669833
2.75,25.23065,0.1383841,0.03936709673090931,0.00033315178563452543
2.5,25.147007,0.13723679,0.03932395396163039,0.0003513877951744129
2.25,25.122242,0.13615918,0.039473318573575514,0.00035893417933045586
2.0,25.183868,0.13572568,0.03965337944583616,0.00035688982246362644
1.75,25.241192,0.13466722,0.0394181678127158,0.00035535644534063885
1.5,25.21898,0.13474505,0.03875336437586824,0.00035966562585844976
1.25,25.035524,0.13431115,0.039367906561568036,0.0003587965508130916
1.0,25.011553,0.1345954,0.03907570757386359,0.00036220486596220784
0.75,24.96882,0.13515924,0.03973629041025918,0.0003453734499526275
0.5,24.942432,0.13446663,0.039047800131610494,0.00035271086768549437
0.25,24.949436,0.13312066,0.03874303359172545,0.00037038322464125043
0.0,24.979317,0.13244742,0.038223012407145346,0.0003626415108148197
-0.25,25.044252,0.13167712,0.037485399981693805,0.0003544763160586697
-0.5,24.929184,0.13194935,0.03742406057545866,0.00033318254785439137
-0.75,24.94276,0.1310546,0.0371452358692386,0.0003216034573456117
-1.0,24.944956,0.13242179,0.038296117168124776,0.0003162764458423856
-1.25,24.956297,0.13230942,0.038182129088989984,0.00031719062978775663
-1.5,24.973783,0.13209818,0.03783597333715596,0.00031122654770547885
-1.75,25.159248,0.13161889,0.03704623737340112,0.00032564324883881644
-2.0,25.256414,0.13200457,0.036667824768603564,0.00032374662468370117
-2.25,25.284891,0.13206407,0.03672320619746964,0.00031992107687057775
-2.5,25.219831,0.13372621,0.036580132478792986,0.00031471540796318187
-2.75,25.307798,0.13339652,0.03611626347500798,0.0003153428204320451
-3.0,25.309717,0.13387936,0.0354527386716047,0.0003093255308243302
-3.25,25.164173,0.13386203,0.035618477964609666,0.00031449874463247544
-3.5,25.142153,0.13379177,0.03611182905677673,0.00031386388852491207
-3.75,25.059246,0.13466524,0.03512349473946725,0.0003008441428840889
-4.0,25.006037,0.13411719,0.03518281371183239,0.0002987537890202836
-4.25,25.089407,0.13411407,0.03469945970924109,0.0002849073918197197
-4.5,25.18179,0.1350865,0.03418755739601459,0.0002679675035207077
-4.75,25.212242,0.1354023,0.033511538026655956,0.00028567737709572685
-5.0,25.132254,0.13611822,0.032799727858018345,0.00028659060059799265
-5.25,25.107899,0.13555652,0.03192967001179231,0.000300858889699841
-5.5,25.048195,0.13538823,0.03165034717942899,0.0002968537768095109
-5.75,24.901178,0.13549961,0.03019812167818894,0.0003014671514787333
-6.0,24.738558,0.13565075,0.029961856010796206,0.00027975653839933253
-6.25,24.837881,0.13544898,0.02976884058491348,0.000272360004875285
-6.5,24.902224,0.13548909,0.02930535852095918,0.00026005874336503014
-6.75,25.002653,0.1346,0.02899623228887768,0.0002565549913403171
-7.0,25.047728,0.13468388,0.029174981434820408,0.00023480552582659593
-7.25,24.973814,0.13440655,0.028989748209020064,0.0002325676750783734
-7.5,24.90713,0.13373184,0.028714212161103682,0.00024852617246384144
-7.75,24.844597,0.13308069,0.028008698437387274,0.00025556296698784416
-8.0,24.662075,0.13265893,0.02739557660953668,0.000266924283738033
-8.25,24.672554,0.1322652,0.026565384157662568,0.00027218024468674045
-8.5,24.69881,0.13327202,0.025604746101516935,0.000281979619868076
-8.75,24.554144,0.1337114,0.025855843644254996,0.0002935498413856894
-9.0,24.376608,0.13396119,0.026162241929183015,0.00030033027189538665
-9.25,24.226433,0.134706,0.02606545507819721,0.00030290094039798734
-9.5,24.181738,0.13500789,0.026023998890752378,0.0002847339409093062
-9.75,24.135746,0.13524966,0.02600120472711906,0.00027996791382216263
-10.0,24.114828,0.13518463,0.02586975856506093,0.00027138037529417344
-10.25,23.935884,0.13508856,0.025530248798675513,0.00028064171065860687
-10.5,23.786716,0.13509211,0.02558056189780929,0.0002880771493793778
-10.75,23.727757,0.1351007,0.025378834590313443,0.00027891547486914587
-11.0,23.684687,0.13467091,0.025563435479254732,0.00027946773899686125
-11.25,23.609016,0.13426127,0.02603638346497787,0.0002915150988007288
-11.5,23.530273,0.13402466,0.0261628409766397,0.0002936030799103349
-11.75,23.497662,0.13313936,0.02628964457122987,0.00029108417100119085
-12.0,23.48768,0.13308683,0.026466715961199976,0.0003016253316473113
-12.25,23.553385,0.13232473,0.02640585610820078,0.00028975665982605996
-12.5,23.517612,0.13254204,0.026714056577581635,0.00027438706659288373
-12.75,23.432507,0.13333775,0.02719023228943922,0.00026905735951924696
-13.0,23.200182,0.13390498,0.027808397205680013,0.0002651868478562485
-13.25,22.976776,0.13464896,0.028846742035921965,0.0002831147001518094
-13.5,22.853636,0.13523112,0.029763004424309708,0.0002815047932312062
-13.75,22.759846,0.13624461,0.03111037623145761,0.00027597185980861056
-14.0,22.615055,0.13822219,0.032732889319448226,0.00028474254686027353
-14.25,22.701706,0.13901806,0.033838668819016544,0.00027859579632484295
-14.5,22.584368,0.13991407,0.03494610820507217,0.0002813298296883839
-14.75,22.646128,0.14219305,0.03646603853806205,0.00025880978046916427
-15.0,22.705545,0.14279535,0.03664596219723398,0.00023959199284021512
-15.25,22.94925,0.14245903,0.03695303545764626,0.00023851765678491207
-15.5,23.39588,0.14266631,0.0363339072758883,0.0002329788493515676
-15.75,23.649475,0.14435872,0.03609149766008791,0.00022940174797711572
-16.0,23.682285,0.14742504,0.03583149596030667,0.0002209455480386443
-16.25,23.76814,0.14714035,0.035682656108469206,0.00023684820941242694
-16.5,23.673761,0.14662799,0.03516868274846951,0.00023968556990799518
-16.75,23.609858,0.14733893,0.034578779344733676,0.0002413068036168447
-17.0,23.521002,0.14964363,0.0348727896197006,0.00021294430025959433
-17.25,23.52662,0.15033983,0.03441413113157348,0.00021317180408083873
-17.5,23.475239,0.15378252,0.03361243808590069,0.00023667858611604143
-17.75,23.426376,0.15495934,0.03220085576505222,0.0002241769884121853
-18.0,23.372837,0.15658754,0.03141760623583874,0.00021692567320737624
-18.25,23.349464,0.1553615,0.030734924277381215,0.0002286658435107192
-18.5,23.33386,0.15639648,0.029999011573889067,0.00022034242450047635
-18.75,23.365828,0.15873729,0.02927497206232313,0.0002205835531123322
-19.0,23.283484,0.15970664,0.02901893907827963,0.00021001046836028077
-19.25,23.209496,0.16070943,0.028265558657438856,0.00020485088614037404
-19.5,23.137497,0.16065668,0.028272798352606796,0.00020564492582680956
-19.75,23.083698,0.16177501,0.028759265553048117,0.00021663222886744154
-20.0,23.088545,0.16550897,0.028408292453307324,0.00021813223814910938
-20.25,23.10274,0.16871227,0.02804631691949288,0.0001774880605941278
-20.5,23.142052,0.16852543,0.028321794809522256,0.00017650711029801406
-20.75,23.20653,0.1671487,0.028547562233757717,0.00020434720693829464
-21.0,23.214437,0.1662109,0.028037471701747328,0.000224876676459668
-21.25,23.16929,0.16577673,0.02830494059870342,0.00022741609287217578
-21.5,23.070585,0.16679718,0.02907023283028127,0.00022971187112618032
-21.75,22.954803,0.16693503,0.02947460898754482,0.00023302336822999338
-22.0,22.821432,0.16702195,0.029690402806883218,0.00020775439352214742
-22.25,22.73634,0.16716684,0.029562364587665507,0.00021178717098974912
-22.5,22.700281,0.16784115,0.02922371616457736,0.00023298203627485626
-22.75,22.65903,0.16667835,0.029312289102050502,0.0002375858509639792
-23.0,22.565832,0.16895148,0.030271918142904843,0.0002481161629965516
-23.25,22.523975,0.16942485,0.030079083872250348,0.00022463747897726922
-23.5,22.42294,0.1712379,0.029826863208033388,0.00021728937943157284
-23.75,22.308168,0.17263575,0.02963566441660461,0.000189057352148864
-24.0,22.140308,0.17259255,0.02986584681434569,0.00023560106774840852
-24.25,22.032223,0.17056586,0.029696856671863742,0.0002989292373119209
-24.5,21.914257,0.17208989,0.02943835118467431,0.0003088205652598999
-24.75,21.746103,0.17097616,0.029446918663190273,0.00031232898837253806
-25.0,21.54841,0.17119388,0.029618828441940446,0.0003016573275589928
-25.25,21.289919,0.17200266,0.03014734581098907,0.00027955399804490067
-25.5,21.081205,0.17098846,0.030184499872174364,0.00021468489535566212
-25.75,20.862494,0.1716112,0.030052176143158086,0.00018139080002039425
-26.0,20.575119,0.17336388,0.029644642110998834,0.00017841499101877047
-26.25,20.410425,0.17434095,0.028659773442274623,0.00020525967620256604
-26.5,20.324299,0.17448668,0.028805974579580097,0.00025204274308295623
-26.75,20.22546,0.17443705,0.028249217460099063,0.0002917701603273769
-27.0,20.144615,0.17487131,0.027847700222185183,0.00028890681303806186
-27.25,20.046993,0.17483109,0.027328295128357008,0.000275717315620764
-27.5,19.935215,0.17353034,0.026889917060611106,0.00023613321127298297
-27.75,19.848934,0.17481351,0.026300970673807905,0.00020876560723723995
-28.0,19.74813,0.17463225,0.025652357279529407,0.00017980851581942268
-28.25,19.657337,0.17331965,0.024601503551735966,0.00020290546622418206
-28.5,19.557241,0.17297398,0.02442038591717411,0.0001880219520919469
-28.75,19.426697,0.17048262,0.02419078533635028,0.00016925695957495295
-29.0,19.217897,0.1732449,0.024251390938136885,0.0001271036626852077
-29.25,19.030943,0.17262651,0.02415556740615469,0.00016675548074213234
-29.5,18.946184,0.17115575,0.023632340107837026,0.00018453688590757875
-29.75,18.849152,0.16985162,0.023328404853163,0.0001434089829575603
-30.0,18.748707,0.17112488,0.022697263787357598,0.00015606898631535844
-30.25,18.543833,0.1711408,0.021209887274380387,0.00018463378662112234
-30.5,18.221926,0.1702074,0.020228659903211856,0.0002020718941314291
-30.75,18.05813,0.17001861,0.019584873470700977,0.0002529925588717773
-31.0,17.865658,0.16865626,0.018622140899103,0.0002657870790251162
-31.25,17.608217,0.16760434,0.017961749967190587,0.00022068033883929723
-31.5,17.443987,0.16527441,0.016820438899951665,0.00020095301460288764
-31.75,17.356653,0.16280852,0.01606948023257048,0.00016774878641033706
-32.0,17.245031,0.16055407,0.015411137221240717,0.00012798639406380239
-32.25,17.089584,0.15853573,0.015405563586974666,0.00010388658315895747
-32.5,16.972382,0.15786116,0.015435046989621325,6.03975601704588e-05
-32.75,16.848274,0.15338378,0.015218292075677977,6.565994808410758e-05
-33.0,16.681778,0.15523224,0.015446569470391757,5.2095759265806696e-05
-33.25,16.490768,0.15549399,0.015312886563462379,2.7062609475567098e-05
-33.5,16.379332,0.15694965,0.015103380703458598,4.3795180013951136e-05
-33.75,16.234627,0.15611964,0.015655248256356873,3.08791760536836e-05
-34.0,16.1123,0.15572378,0.015998596701962273,-1.6935836936472325e-05
-34.25,15.902617,0.16078901,0.016750633644202644,-4.265169649944843e-05
-34.5,15.70372,0.16039446,0.018230310406191396,-6.701641441742043e-05
-34.75,15.535326,0.15887885,0.018894645187998556,-7.423836800568905e-05
-35.0,15.47063,0.15998186,0.0198119011486786,-2.3132528623808997e-05
-35.25,15.266325,0.16252303,0.022581441196933397,-2.190708230348328e-05
-35.5,14.907207,0.1594043,0.023093551730517275,3.1128200812276845e-05
-35.75,14.723223,0.15475686,0.022572710408605565,8.494471548748377e-05
-36.0,14.463541,0.16010334,0.02278957436696052,5.2079256413574876e-05
-36.25,14.189949,0.15995006,0.02360643832775488,7.250017757734576e-05
-36.5,14.018655,0.15463474,0.023465751462311776,9.642688592425562e-05
-36.75,13.84274,0.1507141,0.02320322716754416,9.438380063051293e-05
-37.0,13.556317,0.14944904,0.02307354323529967,8.287629031616709e-05
-37.25,13.454193,0.14478253,0.02292826859847359,0.00014018115081378948
-37.5,13.438669,0.1452155,0.022464352742009874,0.00014627814703031415
-37.75,13.58205,0.1457305,0.023410463519528135,0.00010694689204671918
-38.0,13.676679,0.14954516,0.024591294180503386,8.570327662496819e-05
-38.25,13.639137,0.14750741,0.024690050456834877,9.124614558169159e-05
-38.5,13.563391,0.14466357,0.024752885268139745,6.982642056589777e-05
-38.75,13.481253,0.14329384,0.025753820194220692,0.00010718488012966902
-39.0,13.106387,0.1410576,0.026657512988350857,5.604585275553161e-05
-39.25,12.798082,0.1388301,0.02721915867017663,8.625611645510848e-05
-39.5,12.965683,0.14255297,0.026354472164108817,0.00012802018166295154
-39.75,13.147579,0.14075948,0.024126033593824488,0.00014327647802395098
-40.0,12.796462,0.14306681,0.02294960015941514,0.00015045403515397324
-40.25,12.444474,0.14357959,0.02177559014009816,0.0001353117755507619
-40.5,12.107199,0.14352717,0.021270857835852582,0.00017399922920309976
-40.75,11.890227,0.13874748,0.02221546741746227,0.0002602372814825973
-41.0,11.504308,0.13325675,0.024214096800228558,0.0003279263298895399
-41.25,10.777492,0.12939323,0.026084039344550662,0.0004585066916430054
-41.5,9.947015,0.12744354,0.02554517797977501,0.00044217750221468903
-41.75,9.660474,0.1287621,0.027792191357346056,0.00046212099469411446
-42.0,9.380244,0.13002504,0.02829815313682793,0.0005011456830554313
-42.25,10.016982,0.13437961,0.027446016142929512,0.0004992264193081963
-42.5,10.596694,0.13611433,0.027430517376809644,0.00047037411849761474
-42.75,10.603213,0.13939111,0.028384405337505463,0.000541949462353813
-43.0,10.692644,0.14193656,0.030437312811912105,0.0005709573943603996
-43.25,10.409062,0.14727372,0.03155330257952366,0.0006168431528261962
-43.5,10.131832,0.15869708,0.03640906913538535,0.0005971175638285089
-43.75,9.944367,0.16214308,0.04077469240640097,0.0005740595514647627
-44.0,9.722725,0.154342,0.040513746768380134,0.000616334886510591
-44.25,9.509114,0.15177755,0.040526931849229085,0.0006258664809744841
-44.5,9.256006,0.15423276,0.04126915860242252,0.0006263304955285529
-44.75,9.036368,0.15258445,0.04227210196895876,0.0006410982375424625
-45.0,9.059086,0.14884447,0.042585016930621604,0.0006245193479501683
-45.25,8.625095,0.14769068,0.04465694880831069,0.0006133225447169824
-45.5,8.552464,0.14410566,0.043357650670302166,0.000564810795980613
-45.75,8.550799,0.14867002,0.04362426124542598,0.000579080307569075
-46.0,8.470078,0.15109468,0.041616297785943675,0.0006136220167188541
-46.25,8.535328,0.15403767,0.03940914756373355,0.0006608450963445331
-46.5,9.145126,0.15003546,0.03880029678344726,0.0007646839807579375
-46.75,7.874333,0.1792932,0.03941915628184444,0.0008183370865341548
-47.0,7.312238,0.19858055,0.04111281470404767,0.0005945693119461707
-47.25,7.8623824,0.18221669,0.03748102034100834,0.0005671321212875177
-47.5,7.718549,0.17838132,0.037916657062791154,0.0007008992367834779
-47.75,7.393665,0.17641954,0.037970950226954486,0.0006878358077095902
-48.0,7.478218,0.17232965,0.036467269936485976,0.0006702148004451676
-48.25,6.9239044,0.16963044,0.037078839730525365,0.0007162451766575304
-48.5,6.394417,0.18706913,0.03666297071234649,0.0007517706307456316
-48.75,6.387241,0.17674395,0.03820192657249129,0.0006983564452022848
-49.0,5.8524632,0.17999291,0.04185371974004587,0.0006803484210972728
-49.25,5.6237054,0.16736954,0.041680328578643455,0.0006160172431365304
-49.5,6.314769,0.17575993,0.041032877154362477,0.0006707377811831892
-49.75,6.412959,0.17987522,0.04196242404477292,0.0006370745099777928
-50.0,5.7500143,0.18802193,0.04757322990251424,0.0005762406113404893
-50.25,5.7066007,0.17856333,0.04779289827498305,0.0006052933116272142
-50.5,4.8653703,0.16699368,0.04986448638605936,0.0006120694383612652
-50.75,4.732389,0.1624885,0.051543755414153354,0.0004989478720918946
-51.0,5.680542,0.15517177,0.05125904335642131,0.0004581821767616813
-51.25,5.7982807,0.15327473,0.049328913632117714,0.00048071337635573663
-51.5,6.0002804,0.15046439,0.03779082565650768,0.00044404769754749366
-51.75,6.396768,0.1505159,0.031958644701086954,0.00035291506928330265
-52.0,6.3611035,0.14707597,0.029973063151041666,0.0005108754118715507
-52.25,5.726385,0.14229158,0.03908960757048233,0.0004793345184676642
-52.5,5.7502127,0.14245707,0.03868053196708937,0.0004640556718920164
-52.75,6.2622366,0.14573517,0.03443838456748189,0.00033972129117751463
-53.0,5.681025,0.14948884,0.035576181605242306,0.0003329376783491909
-53.25,5.7581267,0.14277916,0.026740687040769807,0.000446809178358903
-53.5,5.4048986,0.14338636,0.03165198758522176,0.0003967037998278689
-53.75,5.6447163,0.14995006,0.030954997265125486,0.0002909698663160319
-54.0,5.5881915,0.14175762,0.029663024483338102,0.0005030242077477737
-54.25,4.0677967,0.15263633,0.03599357773063947,9.593452124491978e-05
-54.5,3.4126408,0.14549378,0.03772673752898305,1.2953145207664706e-05
-54.75,3.6134398,0.14559938,0.036573260210562446,4.1104083259900396e-05
-55.0,3.9515557,0.13688989,0.03462054708729619,0.00013631860476843316
-55.25,4.4920573,0.13404228,0.032104803997537366,1.0938747259585735e-05
-55.5,5.424366,0.13018595,0.003706917140794837,0.0004745543845321821
-55.75,,,,
-56.0,,,,
-56.25,,,,
-56.5,,,,
-56.75,,,,
-57.0,,,,
-57.25,,,,
-57.5,,,,
-57.75,,,,
-58.0,,,,
-58.25,,,,
-58.5,,,,
-58.75,,,,
-59.0,,,,
-59.25,,,,
-59.5,,,,
-59.75,,,,
-60.0,,,,
-60.25,,,,
-60.5,,,,
-60.75,,,,
-61.0,,,,
-61.25,,,,
-61.5,,,,
-61.75,,,,
-62.0,-2.4573977,0.55642354,0.030719707323157267,0.0003610590748164965
-62.25,-1.6415138,0.5303715,0.04684921928074049,0.00023770796216052511
-62.5,,,,
-62.75,,,,
-63.0,-4.1784463,0.5424027,0.035194224481997285,0.0001124581824178281
-63.25,-5.0043936,0.632378,0.04454882509219721,-0.00023461116026647343
-63.5,-5.9033914,0.63037515,0.04983888782740791,-0.0004967776732744227
-63.75,-8.072419,0.64987797,0.04967607581097147,-0.00012811060185017792
-64.0,-8.889352,0.6584919,0.03798471684512414,-0.0006540692453327856
-64.25,-8.385485,0.6243136,0.04424938183475808,-0.0005718484564103942
-64.5,-8.04289,0.6357079,0.05090435241320118,-0.000388997273045297
-64.75,-8.710178,0.613195,0.055220109308045044,9.676071612731268e-05
-65.0,-9.747465,0.6545819,0.06532260776306531,-0.0001896676458186985
-65.25,-9.797311,0.6655469,0.03274585889733355,0.0006523571353151192
-65.5,-11.030866,0.6924043,0.024265510578594548,0.0003590538831013243
-65.75,-11.45465,0.7061226,0.011015600325222873,4.160676472610777e-05
-66.0,-12.428987,0.72430724,0.012359028691830845,-0.00045499512649565903
-66.25,-13.188202,0.7315072,0.0033028853668232105,-0.0005021544299414117
-66.5,-14.5083475,0.7420492,0.004082432508111179,-0.0006119221630601629
-66.75,-14.909972,0.7373749,-0.0013842527204532666,-0.0006111355430904439
-67.0,-16.230667,0.7393184,-0.0022801695590161067,-0.0006164951859472546
-67.25,-17.696445,0.744101,0.0007438463060074772,-0.0007455475638025233
-67.5,-19.101276,0.74630874,0.0023399853439804944,-0.0008418693229648637
-67.75,-20.661495,0.75424314,0.0033115923495190642,-0.0009644152372149948
-68.0,-22.098347,0.7581605,0.0041913889285005385,-0.0009557283464817183
-68.25,-23.781857,0.7606999,0.004620927241470757,-0.0009414539353047732
-68.5,-24.76986,0.7593054,0.005721865778384002,-0.000930826970681607
-68.75,-25.53831,0.75790143,0.0076511620596743,-0.0009003926635710914
-69.0,-26.355442,0.7600335,0.00880628781796771,-0.0008976587912310724
-69.25,-26.636162,0.7589187,0.00972037777453403,-0.0008650278953148306
-69.5,-27.340462,0.7594146,0.010860109154356618,-0.0008989043830059405
-69.75,-26.971031,0.7604298,0.012647931965239043,-0.0008951527482778643
-70.0,-26.83724,0.7632309,0.01489142076199675,-0.0011881726095953548
-70.25,-26.409122,0.76338124,0.018062867134530015,-0.0011561211280868631
-70.5,-26.930475,0.7627149,0.019942699722056843,-0.0011779686081622707
-70.75,-27.176077,0.76005524,0.022198817107988444,-0.0012354694187566909
-71.0,-27.921392,0.75914216,0.02291232246764968,-0.0013019243309840998
-71.25,-28.83314,0.75997794,0.02260889603238955,-0.001315826557177481
-71.5,-29.687874,0.7633365,0.02290435812224884,-0.0015375163568599887
-71.75,-30.424166,0.7651725,0.024203341053665176,-0.0014495478808720524
-72.0,-31.0022,0.76386774,0.0251461166813022,-0.0014521499627045437
-72.25,-31.93797,0.7672608,0.025956266072290568,-0.0014152860176643775
-72.5,-32.63149,0.76841426,0.02712506134586454,-0.0014111572749570997
-72.75,-32.563446,0.7677842,0.02920899437172077,-0.0013262583395951193
-73.0,-32.82711,0.7652524,0.030640046359886212,-0.0013104600247947661
-73.25,-33.239147,0.7646553,0.03149845654544085,-0.0013079669005680431
-73.5,-33.820244,0.7653485,0.03102955858551597,-0.0013180569911273037
-73.75,-34.06692,0.765517,0.03124045118904568,-0.0013067470527745213
-74.0,-34.104195,0.7634596,0.031937313792121856,-0.001280856907082748
-74.25,-34.14659,0.7614773,0.033437808729608894,-0.0012161025552216227
-74.5,-34.176235,0.7651086,0.034168937420404555,-0.0011036327163371617
-74.75,-34.269196,0.7689756,0.033239614716249206,-0.001035642533060934
-75.0,-34.50303,0.7719279,0.032016024761679814,-0.0010454430441719622
-75.25,-34.345325,0.7705722,0.03131036795702501,-0.0009736528118911091
-75.5,-34.49029,0.7718404,0.030226659235412873,-0.0009510390428300358
-75.75,-34.8577,0.7708174,0.027701262083270083,-0.0009213958938748343
-76.0,-35.502316,0.7699627,0.02543687365829929,-0.0008815689496385781
-76.25,-35.883186,0.7685628,0.024604956290700586,-0.0008451973650378182
-76.5,-36.21511,0.7682196,0.02451891306978691,-0.0008213868439933511
-76.75,-36.444523,0.7666364,0.02470762243844314,-0.0007308126473515041
-77.0,-36.520645,0.76682943,0.02461222792574741,-0.0006905875643602348
-77.25,-35.834755,0.7625236,0.024508449194153042,-0.000708435242841084
-77.5,-35.57363,0.75851965,0.02463244156675854,-0.0006213002785025687
-77.75,-35.556244,0.76193696,0.024118138173520345,-0.0006005555069676476
-78.0,-35.449154,0.7638446,0.024139327683206504,-0.0006346704732117351
-78.25,-34.722404,0.7522326,0.023923524990099775,-0.0005587443823080573
-78.5,-34.78297,0.7595974,0.022642790706837237,-0.0005426854106827058
-78.75,-34.910606,0.7668523,0.02196798144446479,-0.0006655369484302215
-79.0,-35.090588,0.7674324,0.021272892905894108,-0.0006707619781367445
-79.25,-35.26864,0.7665207,0.020586889013576047,-0.0006788355927320495
-79.5,-35.42518,0.76640576,0.01988866494588806,-0.0006722751435630275
-79.75,-35.56069,0.76492006,0.019115153045470012,-0.0006919921038735316
-80.0,-35.604362,0.7655348,0.018390838784296155,-0.0008684449975923208
-80.25,-35.53165,0.76553667,0.01791809843127854,-0.000866185885804575
-80.5,-35.59566,0.76460266,0.01715999719831679,-0.0009107358637603296
-80.75,-35.654884,0.7645511,0.016501880208075335,-0.0008933600968532804
-81.0,-35.60364,0.76432,0.016283301288954877,-0.0009205229289397812
-81.25,-35.476162,0.76701856,0.016333115582304877,-0.0010616019173088857
-81.5,-35.384327,0.77061987,0.016279185350390444,-0.0010421884312037972
-81.75,-35.39496,0.77036893,0.016162390160675787,-0.0010350598585994347
-82.0,-35.48835,0.76993394,0.016242480752548735,-0.0010566945123499719
-82.25,-35.57697,0.76881784,0.016584740523554856,-0.0010453523426060228
-82.5,-35.597603,0.7669587,0.017471748407336247,-0.0010581122165104905
-82.75,-35.558628,0.7676956,0.018210153068321338,-0.0011110695841663703
-83.0,-35.58861,0.7663146,0.019029496635215866,-0.001131065986348667
-83.25,-35.749233,0.7642768,0.019557237615907826,-0.0010901208508417803
-83.5,-35.85219,0.76332027,0.02005707411835159,-0.0010766822934546623
-83.75,-35.889725,0.761959,0.020818785031636557,-0.0010666708982041203
-84.0,-35.902527,0.76022506,0.021830424294955488,-0.0010123366113428188
-84.25,-35.929474,0.75751776,0.02306414863567997,-0.0009346653845449144
-84.5,-36.11506,0.7531281,0.024555703969393373,-0.0008787371174382847
-84.75,-36.56565,0.74698764,0.02650111044547408,-0.0007872801148085201
-85.0,-37.11574,0.7461717,0.02729116558222379,-0.000608755158521415
-85.25,-37.577774,0.751103,0.028244801069803285,-0.0004590177452326685
-85.5,-38.22092,0.7522045,0.029476352617936432,-0.0003696839179627705
-85.75,-39.077267,0.75325257,0.030560683554497314,-0.0003355458138087665
-86.0,-39.816242,0.7511699,0.031971359552392636,-0.0003465205930119408
-86.25,-40.340477,0.75550056,0.03374375024049178,-0.0003910423876978637
-86.5,-40.806786,0.75688046,0.03521919108588915,-0.00036364477142187705
-86.75,-41.358616,0.75777614,0.03565233236119367,-0.0003173147406393059
-87.0,-41.917828,0.7599363,0.035748710779752134,-0.0003564301600526784
-87.25,-42.51682,0.76147765,0.036150461897182004,-0.0003825043231284848
-87.5,-43.14509,0.76343095,0.036423261149493964,-0.00040876412632816656
-87.75,-43.76614,0.7666822,0.03623362162032565,-0.0004782615054200813
-88.0,-44.37356,0.7721441,0.035725944431507645,-0.0006157684569665487
-88.25,-44.94107,0.7781685,0.03513435649411114,-0.0007273753789851918
-88.5,-45.381325,0.7852671,0.034362060556089244,-0.0008535239407297782
-88.75,-45.613552,0.78885275,0.03331243706210224,-0.000918295845569332
-89.0,-45.622753,0.7891528,0.0322640414122798,-0.0008900699955973648
-89.25,-45.503723,0.78787196,0.031610263045859226,-0.0007259578658942727
-89.5,-45.42356,0.78955823,0.030725042333925402,-0.0007130943150372033
-89.75,-45.394497,0.7892163,0.03065865863578907,-0.0004912209458973096
-90.0,-45.417915,0.77820927,0.0262128614342731,0.00028144391719701786
