Year,T2M,T2M_ValidPixels,Rn,Rn_ValidPixels,LH,LH_ValidPixels,SH,SH_ValidPixels,SM,SM_ValidPixels,VPD,VPD_ValidPixels,SWdown,SWdown_ValidPixels,LWdown,LWdown_ValidPixels,SWabs_MODIS,SWabs_MODIS_ValidPixels,SurfaceAlbedo_GLASS,SurfaceAlbedo_GLASS_ValidPixels,AlbedoLoss,AlbedoLoss_ValidPixels,GLASS_Albedo_R1_global,MODIS_Albedo_R1_global,T2M_R1_global,GLASS_Albedo_adjusted_R1_global,GLASS_Albedo_R1_was_adjusted,GLASS_Albedo_main,AlbedoLoss_main,EvaporativeFraction,BowenRatio,HeatRetentionIndex
2001,9.444537471840293,342128,71.83025741754054,342128,42.76981520740622,342128,28.510915009211082,342128,0.24531719352757356,342080,0.7719616360490422,342128,189.675479141481,342128,305.0766127024331,342128,142.7133030542492,342122,0.27238216852395186,342128,0.500287729443578,342122,0.2284941366092731,0.2318875245820327,11.055006129858882,0.2284941366092731,False,0.2284941366092731,-0.0012192615270279483,0.6000193190702684,0.6666130043104325,-1.7613455275489698
2002,9.624856695125807,342128,72.19248323957008,342128,42.149075508570974,342128,29.493060257623473,342128,0.2450127805826744,340311,0.798641139998743,342128,190.85841430482756,342128,305.4501951011995,342128,143.92410290714196,342122,0.2729311657052288,342128,0.5075446268993259,342122,0.2280694003827758,0.2277392004284017,11.20065164326722,0.2280694003827758,False,0.2280694003827758,-0.0007945253005306463,0.5883280147611084,0.6997320795713796,0.21512089482794236
2003,9.567866224467577,342128,72.13633278469315,342128,42.390741190290186,342128,29.15302605312958,342128,0.24746765757914385,340163,0.7901752063640537,342128,190.43633200689456,342128,305.5654315666508,342128,143.4117349564231,342123,0.27443820047038847,342128,0.5058989082724439,342123,0.2288895590494697,0.2259868915975355,11.178526160868923,0.2288895590494697,False,0.2288895590494697,-0.001614683967224556,0.5925148035056691,0.6877215456616557,-0.39762942785042216
2004,9.412932903808494,342128,72.10069211143927,342128,42.48042534507968,342128,29.19739551158213,342128,0.24730403932752001,342092,0.7887344585589128,342128,189.98577526062257,342128,305.0153571856943,342128,143.17102194174066,342123,0.27435084448115316,342128,0.505294251815323,342123,0.2287428515334098,0.2258530665716345,11.048374238084945,0.2287428515334098,False,0.2287428515334098,-0.001467976451164671,0.5926578799044434,0.687314104658887,-0.49885780152645964
2005,9.795009727162938,342128,72.60619817551867,342128,42.120544080970404,342128,29.822147136523018,342128,0.24559412809828055,342116,0.8086881295473298,342128,190.47306642752994,342128,306.6715877635313,342128,143.81381684230558,342123,0.27311230413935467,342128,0.5126118916665741,342123,0.2268823059369365,0.2227360843586242,11.376857319210789,0.2268823059369365,False,0.2268823059369365,0.0003925691453086355,0.5854735674765593,0.7080190388612841,1.0896964745893951
2006,9.646265610823326,342128,72.37696075044869,342128,42.56986174102424,342128,29.23345007950338,342128,0.2466112579845834,342125,0.7923558519685661,342128,189.69049826294219,342128,306.2723298406691,342128,143.10718182463955,342123,0.2734083482144088,342128,0.50996497832774,342123,0.226411786684353,0.2228476395873138,11.277194188234825,0.226411786684353,False,0.226411786684353,0.0008630883978921478,0.5928676639237422,0.6867170548343908,-0.1678263616051508
2007,9.826853143200218,342128,72.30751322571801,342128,42.42333163918509,342128,29.349306647916787,342128,0.24778873890066416,340255,0.8075573546994518,342128,190.51775018023386,342128,305.9421469558803,342128,143.91299086923132,342123,0.2725692304608493,342128,0.5145431892708325,342123,0.2258690046582097,0.2219158080281272,11.398227750293945,0.2258690046582097,False,0.2258690046582097,0.0014058704240354492,0.5910794510504834,0.6918199376120606,0.24319431280974566
2008,9.513125939351584,342128,71.83776777519869,342128,41.91291259670104,342128,29.350102537745524,342128,0.24699483848570908,342127,0.7997894676130018,342128,190.2268775460664,342128,304.5618179839363,342128,143.25689766901283,342123,0.27355231670774527,342128,0.5096223160692427,342123,0.2271130558502248,0.2235186326130637,11.141099869296854,0.2271130558502248,False,0.2271130558502248,0.00016181923202035486,0.5881439694577489,0.7002639692488387,-0.06843781095245244
2009,9.616079296865482,342128,72.15512362346776,342128,41.902225581671075,342128,29.685163583771597,342128,0.2469571281443901,342076,0.8092456743457861,342128,190.42231227693821,342128,305.5227079742146,342128,143.22617765320746,342123,0.2745931473176971,342128,0.5022958357073845,342123,0.2272748484740254,0.2251547521614804,11.241287152574808,0.2272748484740254,False,0.2272748484740254,2.6608219738655237e-08,0.5853297077901887,0.7084388280501387,0.6825571951470109
2010,9.82948048997295,342128,72.33120329138589,342128,42.88668038612578,342128,28.815678633697946,342128,0.24366786903995935,342120,0.8127187673588958,342128,188.90474239463654,342128,307.7491070008584,342128,142.19909770591167,342123,0.27357444160927946,342128,0.5058110142338227,342123,0.2258629102047296,0.2237716657458857,11.450951653002212,0.2258629102047296,False,0.2258629102047296,0.001411964877515548,0.598120912232034,0.671902753355097,-0.2776242715222391
2011,9.599344405802052,342128,71.93889919369818,342128,42.56090206220549,342128,28.770160378379845,342128,0.2446980848923377,340155,0.7800111420271618,342128,189.60014564828407,342128,305.55105980250113,342128,142.5615947315236,342123,0.27446553954189085,342128,0.5033432224581313,342123,0.2261330360711063,0.2241303295991485,11.241500282168348,0.2261330360711063,False,0.2261330360711063,0.0011418390111388454,0.5966671546166338,0.6759762830292085,-1.1741793365493312
2012,9.62231421485503,342128,72.41962092491104,342128,41.88283104034288,342128,29.948132721908433,342128,0.2425731737652104,340488,0.8080687115437227,342128,190.49913280416405,342128,305.8009841641122,342128,143.5141920524023,342123,0.26832332165989814,342128,0.5073674101060475,342123,0.2211719865804705,0.2231315401210993,11.280119157077571,0.2271932728973101,True,0.2271932728973101,8.160218493505345e-05,0.5830748864649535,0.7150455682678527,1.1193894399027051
2013,9.739296065243149,342128,71.79391273793125,342128,41.63844971825959,342128,29.6050448976228,342128,0.24380303228574163,342108,0.8114386321943134,342128,189.76577625178928,342128,306.3550265862228,342128,142.73943264761076,342123,0.27539654970954863,342128,0.5016895782641841,342123,0.2282535097235138,0.2254246516296832,11.337903161557705,0.2282535097235138,False,0.2282535097235138,-0.0009786346412686553,0.5844526569444431,0.7110025732932171,0.4718563978901138
2014,9.686281519249182,342128,72.12234437748637,342128,41.90392144858571,342128,29.577771276451845,342128,0.2458901107988291,340400,0.8065738911586918,342128,189.84361254821323,342128,306.2657558468773,342128,143.04122839022745,342123,0.2735873891830063,342128,0.5081168322195265,342123,0.2266585730760947,0.2235662298034202,11.345329217573829,0.2266585730760947,False,0.2266585730760947,0.0006163020061504543,0.5862189303458984,0.7058473349025933,0.5240858223881955
2015,9.988817764862896,342128,72.56158465876162,342128,41.798873842209936,342128,29.997329204711335,342128,0.24137324657746226,339973,0.8300495290268634,342128,190.1951383832992,342128,307.79104706764076,342128,143.52179395016643,342123,0.2721687971803406,342128,0.5109690464180625,342123,0.2249293534442046,0.222223063971423,11.542731659822898,0.2249293534442046,False,0.2249293534442046,0.002345521638040554,0.5821878047630589,0.7176587895154966,1.810905755112445
2016,10.214673474262353,342128,72.69898210472581,342128,42.43816890034442,342128,29.713502004144498,342128,0.2422514601577276,342125,0.8307029448196429,342128,189.14531503907764,342128,309.5775727377972,342128,142.77928265979043,342123,0.27199004263678844,342128,0.5144827763207349,342123,0.2244186870359931,0.2208241729473245,11.825324394181337,0.2244186870359931,False,0.2244186870359931,0.0028561880462520395,0.5881799876335799,0.7001598507682868,1.3553603252339328
2017,10.054792014007731,342128,72.17917718097618,342128,42.342577897502444,342128,29.207229457403418,342128,0.24350639934050677,342127,0.8279100417399321,342128,189.79428458087352,342128,308.091335571533,342128,142.94405739711877,342123,0.2707452186538852,342128,0.5053376503964595,342123,0.2242007684681106,0.2226193426034413,11.663711926032382,0.2242007684681106,False,0.2242007684681106,0.003074106614134542,0.5917916408561678,0.6897839221812282,0.49015068302874387
2018,9.900949488260586,342128,72.12417438619482,342128,41.91565218910248,342128,29.53588595539229,342128,0.2441693413614011,340063,0.8225089204726457,342128,189.81167657829505,342128,307.62044082308756,342128,142.71700627766836,342123,0.27251059426814744,342128,0.49968522274008875,342123,0.2258585235379953,0.223933030079795,11.537034197342436,0.2258585235379953,False,0.2258585235379953,0.0014163515442498498,0.5866305089799108,0.7046505162830612,0.8189947926685042
2019,10.128052759701001,342128,72.62806633742794,342128,41.56884378144066,342128,30.21052335422747,342128,0.24285855134328,342123,0.8400302693316599,342128,190.36326815579235,342128,308.6556845795772,342128,143.32660047762394,342123,0.27087402219608214,342128,0.5050497979564242,342123,0.2241844103764939,0.2225451190030644,11.717022020522394,0.2241844103764939,False,0.2241844103764939,0.00309046470575125,0.5791196751968093,0.726758807944416,2.3782305648204702
2020,10.27219667033088,342128,72.49209957446332,342128,42.255642006088046,342128,29.5237691570447,342128,0.24220566074755015,342113,0.8363420520308696,342128,190.14930186564257,342128,308.66795740756055,342128,143.24384749830767,342123,0.27044850194786035,342128,0.5081586482460885,342123,0.223551588079083,0.2215899498883565,11.84232361569203,0.223551588079083,False,0.223551588079083,0.003723287003162129,0.5886874985649274,0.6986941330294075,1.2559471610338826
2021,9.997024887263985,342128,72.40996254242312,342128,42.151373365137054,342128,29.55829255372262,342128,0.24432156273839953,339705,0.845476174223729,342128,190.66193193794433,342128,307.0737851835639,342128,143.83004333474173,342123,0.27069024958101745,342128,0.5093225780321375,342123,0.2245321822997482,0.2217209889281065,11.590692443463931,0.2245321822997482,False,0.2245321822997482,0.002742692782496947,0.5878060206392793,0.701241506360264,1.4488131421565964
2022,9.98215753885718,342128,72.64536410742743,342128,42.376036192145385,342128,29.69380679281665,342128,0.24614821930726277,339828,0.8261322873327701,342128,190.62655336411518,342128,306.99388080455395,342128,143.6220454577598,342125,0.2715974125083257,342128,0.5040279066950251,342125,0.2245876273983288,0.2231306059415795,11.617692494762784,0.2245876273983288,False,0.2245876273983288,0.002687247683916344,0.5879856877305463,0.7007216686850137,1.2343595722161174
2023,10.426636973164598,342128,73.51535036465594,342128,42.444481730722124,342128,30.14539266938491,342128,0.24432783146826179,340219,0.8557896331939769,342128,191.76504945046517,342128,309.506870757217,342128,145.0992444230844,342123,0.2715718580050244,342128,0.5145208398915813,342123,0.2258491527941243,0.2215262979731442,11.95913231234909,0.2258491527941243,False,0.2258491527941243,0.0014257222881208509,0.5847162855906463,0.7102311405434149,3.0098151192723774
2024,10.639834635831132,342128,73.48983856060894,342128,43.0914503944378,342128,29.65281698034674,342128,0.24659004492003053,340391,0.8635378990069446,342128,190.54082251960247,342128,311.3242246612748,342128,143.8637574021727,342123,0.27340782586309903,342128,0.5064661750725303,342123,0.2273513075819468,0.2238919078137313,12.138596154622224,0.2273513075819468,False,0.2273513075819468,-7.643249970165633e-05,0.5923690202614461,0.6881368974337029,2.389603988669516
